x1,x2,x3,u,x,y,yref,phiref,rref,deltaref
0.0,0.0,0.0,0.0,0.0,0.0,0.0,0.0,0.0,0.0
0.0,0.0,0.0,0.0,0.0296,0.0,0.0,0.0,0.0,0.0
0.0,0.0,0.0,0.0,0.0592,0.0,0.0,0.0,0.0,0.0
0.0,0.0,0.0,0.0,0.0888,0.0,0.0,0.0,0.0,0.0
0.0,0.0,0.0,0.0,0.1184,0.0,0.0,0.0,0.0,0.0
0.0,0.0,0.0,0.0,0.14800000000000002,0.0,0.0,0.0,0.0,0.0
0.0,0.0,0.0,0.0,0.17760000000000004,0.0,0.0,0.0,0.0,0.0
0.0,0.0,0.0,0.0,0.20720000000000005,0.0,0.0,0.0,0.0,0.0
0.0,0.0,0.0,0.0,0.23680000000000007,0.0,0.0,0.0,0.0,0.0
0.0,0.0,0.0,0.0,0.2664000000000001,0.0,0.0,0.0,0.0,0.0
0.0,0.0,0.0,0.0,0.2960000000000001,0.0,0.0,0.0,0.0,0.0
0.0,0.0,0.0,0.0,0.3256000000000001,0.0,0.0,0.0,0.0,0.0
0.0,0.0,0.0,0.0,0.3552000000000001,0.0,0.0,0.0,0.0,0.0
0.0,0.0,0.0,0.0,0.38480000000000014,0.0,0.0,0.0,0.0,0.0
0.0,0.0,0.0,0.0,0.41440000000000016,0.0,0.0,0.0,0.0,0.0
0.0,0.0,0.0,0.0,0.4440000000000002,0.0,0.0,0.0,0.0,0.0
0.0,0.0,0.0,0.0,0.4736000000000002,0.0,0.0,0.0,0.0,0.0
0.0,0.0,0.0,0.0,0.5032000000000002,0.0,0.0,0.0,0.0,0.0
0.0,0.0,0.0,0.0,0.5328000000000002,0.0,0.0,0.0,0.0,0.0
0.0,0.0,0.0,0.0,0.5624000000000001,0.0,0.0,0.0,0.0,0.0
0.0,0.0,0.0,0.0,0.5920000000000001,0.0,0.0,0.0,0.0,0.0
0.0,0.0,0.0,0.0,0.6216,0.0,0.0,0.0,0.0,0.0
0.0,0.0,0.0,0.0,0.6512,0.0,0.0,0.0,0.0,0.0
0.0,0.0,0.0,0.0,0.6808,0.0,0.0,0.0,0.0,0.0
0.0,0.0,0.0,0.0,0.7103999999999999,0.0,0.0,0.0,0.0,0.0
0.0,0.0,0.0,0.0,0.7399999999999999,0.0,0.0,0.0,0.0,0.0
0.0,0.0,0.0,0.0,0.7695999999999998,0.0,0.0,0.0,0.0,0.0
0.0,0.0,0.0,0.0,0.7991999999999998,0.0,0.0,0.0,0.0,0.0
0.0,0.0,0.0,0.0,0.8287999999999998,0.0,0.0,0.0,0.0,0.0
0.0,0.0,0.0,0.0,0.8583999999999997,0.0,0.0,0.0,0.0,0.0
0.0,0.0,0.0,0.0,0.8879999999999997,0.0,0.0,0.0,0.0,0.0
0.0,0.0,0.0,0.0,0.9175999999999996,0.0,0.0,0.0,0.0,0.0
0.0,0.0,0.0,0.0,0.9471999999999996,0.0,0.0,0.0,0.0,0.0
0.0,0.0,0.0,0.0,0.9767999999999996,0.0,0.0,0.0,0.0,0.0
0.0,0.0,0.0,0.0,1.0063999999999995,0.0,0.0,0.0,0.0,0.0
0.0,0.0,0.0,0.0,1.0359999999999996,0.0,0.0,0.0,0.0,0.0
0.0,0.0,0.0,0.0,1.0655999999999997,0.0,0.0,0.0,0.0,0.0
0.0,0.0,0.0,0.0,1.0951999999999997,0.0,0.0,0.0,0.0,0.0
0.0,0.0,0.0,0.0,1.1247999999999998,0.0,0.0,0.0,0.0,0.0
0.0,0.0,0.0,0.0,1.1543999999999999,0.0,0.0,0.0,0.0,0.0
0.0,0.0,0.0,0.0,1.184,0.0,0.0,0.0,0.0,0.0
0.0,0.0,0.0,0.0,1.2136,0.0,0.0,0.0,0.0,0.0
0.0,0.0,0.0,0.0,1.2432,0.0,0.0,0.0,0.0,0.0
0.0,0.0,0.0,0.0,1.2728000000000002,0.0,0.0,0.0,0.0,0.0
0.0,0.0,0.0,0.0,1.3024000000000002,0.0,0.0,0.0,0.0,0.0
0.0,0.0,0.0,0.0,1.3320000000000003,0.0,0.0,0.0,0.0,0.0
0.0,0.0,0.0,0.0,1.3616000000000004,0.0,0.0,0.0,0.0,0.0
0.0,0.0,0.0,0.0,1.3912000000000004,0.0,0.0,0.0,0.0,0.0
0.0,0.0,0.0,0.0,1.4208000000000005,0.0,0.0,0.0,0.0,0.0
0.0,0.0,0.0,0.0,1.4504000000000006,0.0,0.0,0.0,0.0,0.0
0.0,0.0,0.0,0.0,1.4800000000000006,0.0,0.0,0.0,0.0,0.0
0.0,0.0,0.0,0.0,1.5096000000000007,0.0,0.0,0.0,0.0,0.0
0.0,0.0,0.0,0.0,1.5392000000000008,0.0,0.0,0.0,0.0,0.0
0.0,0.0,0.0,0.0,1.5688000000000009,0.0,0.0,0.0,0.0,0.0
0.0,0.0,0.0,0.0,1.598400000000001,0.0,0.0,0.0,0.0,0.0
0.0,0.0,0.0,0.0,1.628000000000001,0.0,0.0,0.0,0.0,0.0
0.0,0.0,0.0,0.0,1.657600000000001,0.0,0.0,0.0,0.0,0.0
0.0,0.0,0.0,0.0,1.6872000000000011,0.0,0.0,0.0,0.0,0.0
0.0,0.0,0.0,0.0,1.7168000000000012,0.0,0.0,0.0,0.0,0.0
0.0,0.0,0.0,0.0,1.7464000000000013,0.0,0.0,0.0,0.0,0.0
0.0,0.0,0.0,0.0,1.7760000000000014,0.0,0.0,0.0,0.0,0.0
0.0,0.0,0.0,0.0,1.8056000000000014,0.0,0.0,0.0,0.0,0.0
0.0,0.0,0.0,0.0,1.8352000000000015,0.0,0.0,0.0,0.0,0.0
0.0,0.0,0.0,0.0,1.8648000000000016,0.0,0.0,0.0,0.0,0.0
0.0,0.0,0.0,0.0,1.8944000000000016,0.0,0.0,0.0,0.0,0.0
0.0,0.0,0.0,0.0,1.9240000000000017,0.0,0.0,0.0,0.0,0.0
0.0,0.0,0.0,0.0,1.9536000000000018,0.0,0.0,0.0,0.0,0.0
0.0,0.0,0.0,0.0,1.9832000000000019,0.0,0.0,0.0,0.0,0.0
0.0,0.0,0.0,0.0,2.0128000000000017,0.0,0.0,0.0,0.0,0.0
0.0,0.0,0.0,0.0,2.0424000000000015,0.0,0.0,0.0,0.0,0.0
0.0,0.0,0.0,0.0,2.0720000000000014,0.0,0.0,0.0,0.0,0.0
0.0,0.0,0.0,0.0,2.1016000000000012,0.0,0.0,0.0,0.0,0.0
0.0,0.0,0.0,0.0,2.131200000000001,0.0,0.0,0.0,0.0,0.0
0.0,0.0,0.0,0.0,2.160800000000001,0.0,0.0,0.0,0.0,0.0
0.0,0.0,0.0,0.0,2.190400000000001,0.0,0.0,0.0,0.0,0.0
0.0,0.0,0.0,0.0,2.2200000000000006,0.0,0.0,0.0,0.0,0.0
0.0,0.0,0.0,0.0,2.2496000000000005,0.0,0.0,0.0,0.0,0.0
0.0,0.0,0.0,0.0,2.2792000000000003,0.0,0.0,0.0,0.0,0.0
0.0,0.0,0.0,0.0,2.3088,0.0,0.0,0.0,0.0,0.0
0.0,0.0,0.0,0.0,2.3384,0.0,0.0,0.0,0.0,0.0
0.0,0.0,0.0,0.0,2.368,0.0,0.0,0.0,0.0,0.0
0.0,0.0,0.0,0.0,2.3975999999999997,0.0,0.0,0.0,0.0,0.0
0.0,0.0,0.0,0.0,2.4271999999999996,0.0,0.0,0.0,0.0,0.0
0.0,0.0,0.0,0.0,2.4567999999999994,0.0,0.0,0.0,0.0,0.0
0.0,0.0,0.0,0.0,2.4863999999999993,0.0,0.0,0.0,0.0,0.0
0.0,0.0,0.0,0.0,2.515999999999999,0.0,0.0,0.0,0.0,0.0
0.0,0.0,0.0,0.0,2.545599999999999,0.0,0.0,0.0,0.0,0.0
0.0,0.0,0.0,0.0,2.575199999999999,0.0,0.0,0.0,0.0,0.0
0.0,0.0,0.0,0.0,2.6047999999999987,0.0,0.0,0.0,0.0,0.0
0.0,0.0,0.0,0.0,2.6343999999999985,0.0,0.0,0.0,0.0,0.0
0.0,0.0,0.0,0.0,2.6639999999999984,0.0,0.0,0.0,0.0,0.0
0.0,0.0,0.0,0.0,2.693599999999998,0.0,0.0,0.0,0.0,0.0
0.0,0.0,0.0,0.0,2.723199999999998,0.0,0.0,0.0,0.0,0.0
0.0,0.0,0.0,0.0,2.752799999999998,0.0,0.0,0.0,0.0,0.0
0.0,0.0,0.0,0.0,2.7823999999999978,0.0,0.0,0.0,0.0,0.0
0.0,0.0,0.0,0.0,2.8119999999999976,0.0,0.0,0.0,0.0,0.0
0.0,0.0,0.0,0.0,2.8415999999999975,0.0,0.0,0.0,0.0,0.0
0.0,0.0,0.0,0.0,2.8711999999999973,0.0,0.0,0.0,0.0,0.0
0.0,0.0,0.0,0.0,2.900799999999997,0.0,0.0,0.0,0.0,0.0
0.0,0.0,0.0,0.0,2.930399999999997,0.0,0.0,0.0,0.0,0.0
0.0,0.0,0.0,0.0,2.959999999999997,0.0,0.0,0.0,0.0,0.0
0.0,0.0,0.0,0.0,2.9895999999999967,0.0,0.0,0.0,0.0,0.0
0.0,0.0,0.0,0.0,3.0191999999999966,0.0,0.0,0.0,0.0,0.0
0.0,0.0,0.0,0.0,3.0487999999999964,0.0,0.0,0.0,0.0,0.0
0.0,0.0,0.0,0.0,3.0783999999999963,0.0,0.0,0.0,0.0,0.0
0.0,0.0,0.0,0.0,3.107999999999996,0.0,0.0,0.0,0.0,0.0
0.0,0.0,0.0,0.0,3.137599999999996,0.0,0.0,0.0,0.0,0.0
0.0,0.0,0.0,0.0,3.167199999999996,0.0,0.0,0.0,0.0,0.0
0.0,0.0,0.0,0.0,3.1967999999999956,0.0,0.0,0.0,0.0,0.0
0.0,0.0,0.0,0.0,3.2263999999999955,0.0,0.0,0.0,0.0,0.0
0.0,0.0,0.0,0.0,3.2559999999999953,0.0,0.0,0.0,0.0,0.0
0.0,0.0,0.0,0.0,3.285599999999995,0.0,0.0,0.0,0.0,0.0
0.0,0.0,0.0,0.0,3.315199999999995,0.0,0.0,0.0,0.0,0.0
0.0,0.0,0.0,0.0,3.344799999999995,0.0,0.0,0.0,0.0,0.0
0.0,0.0,0.0,0.0,3.3743999999999947,0.0,0.0,0.0,0.0,0.0
0.0,0.0,0.0,0.0,3.4039999999999946,0.0,0.0,0.0,0.0,0.0
0.0,0.0,0.0,0.0,3.4335999999999944,0.0,0.0,0.0,0.0,0.0
0.0,0.0,0.0,0.0,3.4631999999999943,0.0,0.0,0.0,0.0,0.0
0.0,0.0,0.0,0.0,3.492799999999994,0.0,0.0,0.0,0.0,0.0
0.0,0.0,0.0,0.0,3.522399999999994,0.0,0.0,0.0,0.0,0.0
0.0,0.0,0.0,0.0,3.551999999999994,0.0,0.0,0.0,0.0,0.0
0.0,0.0,0.0,0.0,3.5815999999999937,0.0,0.0,0.0,0.0,0.0
0.0,0.0,0.0,0.0,3.6111999999999935,0.0,0.0,0.0,0.0,0.0
0.0,0.0,0.0,0.0,3.6407999999999934,0.0,0.0,0.0,0.0,0.0
0.0,0.0,0.0,0.0,3.6703999999999932,0.0,0.0,0.0,0.0,0.0
0.0,0.0,0.0,0.0,3.699999999999993,0.0,0.0,0.0,0.0,0.0
0.0,0.0,0.0,0.0,3.729599999999993,0.0,0.0,0.0,0.0,0.0
0.0,0.0,0.0,0.0,3.7591999999999928,0.0,0.0,0.0,0.0,0.0
0.0,0.0,0.0,0.0,3.7887999999999926,0.0,0.0,0.0,0.0,0.0
0.0,0.0,0.0,0.0,3.8183999999999925,0.0,0.0,0.0,0.0,0.0
0.0,0.0,0.0,0.0,3.8479999999999923,0.0,0.0,0.0,0.0,0.0
0.0,0.0,0.0,0.0,3.877599999999992,0.0,0.0,0.0,0.0,0.0
2.6432503538911413e-06,0.00024580571444433077,0.008249479519444228,0.004529183447203813,3.907199999999992,0.0,0.0,0.0,0.0,0.0
2.7792398133855596e-05,0.001752686022491109,0.04497893061504082,0.023299397435101867,3.9367999991057694,2.6432503538911413e-06,0.0,0.0,0.0,0.0
0.00012949805569594132,0.005539900634547464,0.0966048486195342,0.04543146382268772,3.966399953641538,2.7792398133855596e-05,0.0,0.0,0.0,0.0
0.0003850855396022094,0.012241052856474241,0.15939462626902362,0.07117338682879978,3.995999499423314,0.00012949805569594132,0.0,0.0,0.0,0.0
0.0008803325442573053,0.021601946639617193,0.20608337261822146,0.08618738343029993,4.0255972817690555,0.0003850855396022094,0.0,0.0,0.14998875151850913,0.15376327083402572
0.001680297714391192,0.03265430359415806,0.2311933831308615,0.0920771146288361,4.055190375704958,0.0008803325442573053,0.0003,0.014998875151850914,0.24994793618919584,0.06267287019426787
0.0028239636018907444,0.044773331079734975,0.2499660813104324,0.09813705290043795,4.084774595814773,0.001680297714391192,0.0008,0.024994793618919584,0.2997078670047762,0.17824972051135007
0.004335046683290844,0.05734745693063588,0.25251063054475886,0.09635915890403049,4.114344931933343,0.0028239636018907444,0.0017,0.044969661852328535,0.3022539268046338,0.05207843945325568
0.0062240095979306295,0.07040259965565136,0.2669289118676096,0.10384477899563294,4.1438962720552235,0.004335046683290844,0.0028,0.05522018629938297,0.2491633978231235,0.12314751369601472
0.008506343363461306,0.0838315467716711,0.26969767031464437,0.10292642782038994,4.173422945764337,0.0062240095979306295,0.0042,0.06988600163464088,0.30000044672746945,0.11828320892602597
0.011186934796834695,0.09727890069906966,0.26843824814518413,0.10176666004864525,4.20291899628526,0.008506343363461306,0.0059,0.08522023097212991,0.2530284010798725,0.061503007237210465
0.0142643440007367,0.11063631718907503,0.26627389009013325,0.10079135353591709,4.232379051566808,0.011186934796834695,0.0078,0.09518884174262814,0.29847104940259034,0.17733419217835195
0.01773673527521773,0.12399741696894888,0.26786467513959816,0.1020308710648476,4.261798078437104,0.0142643440007367,0.0101,0.11506733591238895,0.3040916024351396,0.05520609774067548
0.021606054075752376,0.1374625172719668,0.27027651455726087,0.10308596597958897,4.291170814530442,0.01773673527521773,0.0126,0.1255980019861421,0.25415292478008455,0.12464729005923299
0.025874416363062445,0.15092643043352671,0.2686015450200562,0.10175840794242061,4.3204915946569855,0.021606054075752376,0.0154,0.1404826283903974,0.24773426020992112,0.06187790148308181
0.030539771130525455,0.16427884324136627,0.26599513854202966,0.10061071629185249,4.349755108061267,0.025874416363062445,0.0184,0.1503714280071342,0.30422564385302747,0.18426359047379337
0.0355996832518852,0.17761740781152602,0.2672974181345096,0.10176656725915273,4.378956589956447,0.030539771130525455,0.0218,0.17090519277570015,0.30375327465583996,0.0464027873774137
0.04105619454253741,0.1910970742098619,0.2711497647248252,0.10366139386066305,4.40809090660473,0.0355996832518852,0.0254,0.1807467554727182,0.2550901312032622,0.13450117245286128
0.04691232097589763,0.20456159641863217,0.2680295644084814,0.10129675679954717,4.437152081583325,0.04105619454253741,0.0293,0.19641420589602637,0.254634634409667,0.0588493414758478
0.05316422990775096,0.2178275222390791,0.26348041574201225,0.09932679606551183,4.466134925579383,0.04691232097589763,0.0334,0.2062102189136849,0.3038464215786138,0.18507226451353573
0.05980481709571106,0.23080774888653713,0.2569765301863091,0.09652539183479104,4.495035455231667,0.05316422990775096,0.0379,0.22679884805388775,0.31478172398479276,0.05700072990919993
0.06682864137343757,0.24381941232047544,0.2624416104816873,0.10062582808989408,4.523850520324038,0.05980481709571106,0.0426,0.23768839131216418,0.25443609835929665,0.12030616944849423
0.07424175045867556,0.2571132071323766,0.2682045864728768,0.10286557309613206,4.552575041355873,0.06682864137343757,0.0476,0.2522424578898174,0.25492144900254976,0.07351193453765847
0.08205027891187515,0.2704771265972781,0.2666505562626838,0.10103767484698643,4.581202032780488,0.07424175045867556,0.0528,0.26318053621241916,0.2674495891606321,0.13302078937049167
0.09025199636382487,0.2836489584710335,0.26125739046483093,0.09833956277757216,4.60972588103189,0.08205027891187515,0.0583,0.27898741680588063,0.30186475617295705,0.1054686365546418
0.0988390547639373,0.29649960582905494,0.25413502995536397,0.09534130820194793,4.638143083741852,0.09025199636382487,0.0641,0.29336701182971486,0.31670090256877004,0.1390976986478133
0.10780290361813709,0.3091503024303505,0.2522539880806734,0.09551310310883214,4.6664514898574785,0.0988390547639373,0.0702,0.31065750706275763,0.26803765050178285,0.051643757105244166
0.11714286845318372,0.32199056688167993,0.2598912949891144,0.10002436997491396,4.694648225893542,0.10780290361813709,0.0765,0.32017077687989315,0.2531009886338176,0.13669869291773987
0.12686620356254033,0.334992429974787,0.2601361027304456,0.09886713456492917,4.722727004108127,0.11714286845318372,0.0831,0.3359676059261394,0.2689082665958725,0.07181250371302962
0.1369750514817154,0.34805204436508486,0.26190817365274704,0.09979867391960563,4.750681622940663,0.12686620356254033,0.0899,0.3470616035394804,0.26899003990000503,0.1325878197285451
0.14747107900499082,0.3611347384788248,0.2614814915569098,0.09926464406605583,4.778506773785769,0.1369750514817154,0.097,0.3628666099161399,0.3158948813199397,0.11987602204475842
0.15835254252780326,0.37405794817930316,0.25641843238704704,0.09655703477218797,4.8061974696556655,0.14747107900499082,0.1044,0.37865109167147437,0.28833329521288753,0.09188571554301371
0.16961139570701622,0.3865987373812182,0.2470169374441895,0.09225168277536423,4.833750696453077,0.15835254252780326,0.112,0.39169993943742865,0.2689643222454491,0.10733351292038829
0.18123758228489398,0.3989543764220534,0.24717765566920888,0.09392999439802772,4.86116612256389,0.16961139570701622,0.1199,0.4055475238960193,0.29562355479279545,0.12435569188916992
0.19323094564931248,0.4114435515318215,0.25155025250069407,0.09630349110066926,4.888441565756261,0.18123758228489398,0.1281,0.4212622949167082,0.28960353592305255,0.09408756075752316
0.20559672766727322,0.42410509742411373,0.25437042083691647,0.09711230008056318,4.915571281604832,0.19323094564931248,0.1365,0.43450787748832453,0.22298730256224641,0.05766054235421335
0.2183379537034615,0.4367750030441157,0.2527391194846137,0.09573962768147934,4.942548939313765,0.20559672766727322,0.1451,0.44356102517293283,0.26902598779269926,0.15896246776156475
0.23145122330677143,0.44919823465122716,0.24556634030463553,0.09207753675350776,4.969370109350188,0.2183379537034615,0.154,0.46141047626759446,0.33478640304113183,0.11285876814864697
0.24492740235868957,0.4613083510148189,0.2399212751361871,0.09019137770418982,4.996033657724681,0.23145122330677143,0.1632,0.477039665477046,0.2913647255931834,0.0969975309547598
0.2587613069096544,0.47345640572582237,0.2450223343499138,0.09394668419353425,5.022539596092705,0.24492740235868957,0.1726,0.4905469488269128,0.24706091984469825,0.07896265165731807
0.27295910005812973,0.48590895917358884,0.25178271839048366,0.09679561791755689,5.0488835252569455,0.2587613069096544,0.1822,0.5017457574615158,0.26740431500700546,0.1296095710761859
0.2875288426110276,0.498545950014366,0.25338849685643583,0.096533928945395,5.075057349509397,0.27295910005812973,0.1921,0.5172873803276133,0.2668801541938437,0.07302686733571163
0.30247211767124965,0.5111043375780882,0.24966184943504366,0.09421628640240691,5.101054400291036,0.2875288426110276,0.2022,0.5284337728809002,0.2913033421014244,0.1547864711714152
0.31778263242604105,0.5233155110178153,0.2405360043456273,0.08983619597230322,5.126871664238621,0.30247211767124965,0.2126,0.5464177145377558,0.31759589996683046,0.09350001802561086
0.33344977434832085,0.5352497341249568,0.23742889197050798,0.08967376731668229,5.15251020747794,0.31778263242604105,0.2232,0.5601933628775833,0.2912016063472811,0.12075082128581602
0.3494690000168697,0.5471327892971155,0.23781842007099366,0.09041312386024343,5.177970389299162,0.33344977434832085,0.2341,0.5755378751724839,0.26426115687515517,0.07288573452969192
0.3658412951252279,0.5591331919314513,0.24149286208694465,0.09236455042895984,5.203249371536115,0.3494690000168697,0.2452,0.5866194785650988,0.24946743067286614,0.11273386844924567
0.382569939453589,0.5711699582685833,0.24022187864705966,0.09104528594920921,5.228341742318743,0.3658412951252279,0.2565,0.6004846182397705,0.2780256755589172,0.1060884004199355
0.3996532876005525,0.5830835555899765,0.236949712227291,0.08946380077400849,5.253243306261819,0.382569939453589,0.268,0.6144220461209905,0.29045343759341535,0.1178960099062035
0.41708955358535343,0.5950843689127053,0.24209561102064941,0.09284241088679365,5.27795246314578,0.3996532876005525,0.2798,0.629529961999112,0.29079062672293876,0.10313617721802742
0.43488135340686324,0.607017187805657,0.23632434959674137,0.08880355654302456,5.30246425885457,0.41708955358535343,0.2918,0.6435011087932844,0.27998282838348487,0.10672675122491693
0.4530222700813475,0.6186778187729121,0.23110263774894232,0.0869127754254081,5.326776311357139,0.43488135340686324,0.304,0.6575282448374605,0.24994793618926425,0.07521346200172313
0.47150717513755247,0.6303281682475663,0.23429833251312684,0.08955038712446793,5.350889832330334,0.4530222700813475,0.3164,0.6684959024122108,0.3207858185196921,0.18731751423013743
0.4903359329100692,0.6418257107011738,0.2270030528711233,0.0850046282111497,5.3748017224659375,0.47150717513755247,0.3291,0.6896068266894297,0.28791762780139396,0.022720210114589953
0.5095033770675487,0.6533078882396403,0.2314338211279689,0.0886710918818276,5.398511444287749,0.4903359329100692,0.342,0.6972876651923502,0.21196905252176212,0.11817974649817102
0.5290144577314815,0.6650567529633521,0.23737990500983872,0.0911862713745057,5.422016139998198,0.5095033770675487,0.355,0.710803731941606,0.3143367457306745,0.14781814472946853
0.5488758497722847,0.6769274512693624,0.23743703515151224,0.09021199395006287,5.445307840210432,0.5290144577314815,0.3683,0.7287213397654176,0.28690305781848724,0.06289083828545756
0.5690874072410839,0.6886877292097938,0.23369229672622108,0.0881464129930229,5.46838107107028,0.5488758497722847,0.3818,0.7394940377234547,0.24885418277565297,0.11609170751674652
0.5896433525694865,0.7001729124093516,0.22699920505447752,0.08510500812319603,5.491234658601683,0.5690874072410839,0.3955,0.7536067580429829,0.3172067968269998,0.1430604239834365
0.6105345661071973,0.7113475815120005,0.22111630018290282,0.08300711485588264,5.513870689767196,0.5896433525694865,0.4094,0.7712147174061547,0.31791405354441915,0.09867834509131247
0.6317545415266953,0.722445949509051,0.22254411624716852,0.08478605658809829,5.536292180307811,0.6105345661071973,0.4236,0.7853981633974249,0.24783755647125427,0.0710327459385716
0.6533057681193463,0.7337724451970804,0.22923245133405093,0.08821658607516501,5.55849782385071,0.6317545415266953,0.4379,0.7959984730532801,0.24729939736173767,0.11672251940077823
0.6751932125713268,0.7450617684108604,0.2234498649118634,0.08391062276571039,5.580480363802521,0.6533057681193463,0.4524,0.8101281031335986,0.2852562042574247,0.11008755793361047
0.6974136022891206,0.7563465292253039,0.2272173904019506,0.08695713588328044,5.602237726105158,0.6751932125713268,0.467,0.8245240934790226,0.28224041739090766,0.10355841666160723
0.7199686099379237,0.76761514396559,0.22412110357667483,0.08461996783625185,5.623767230516714,0.6974136022891206,0.4819,0.8383521448726894,0.3167750248831347,0.14629152631698253
0.7428528119774683,0.7785369724973352,0.21458223698968604,0.07990649954367214,5.645066467256915,0.7199686099379237,0.497,0.856201595967336,0.24902508067731532,0.024939232155606995
0.7660571295005574,0.7893433081816659,0.21717388014482833,0.08294268382678738,5.666139941397552,0.7428528119774683,0.5122,0.8632546529404209,0.281629728457109,0.19769517123699568
0.789579984864721,0.7999773412896044,0.209634031168338,0.07836477842086345,5.686987566149825,0.7660571295005574,0.5277,0.8843645688130469,0.3201948178986358,0.05582268074459592
0.8134165149416598,0.8106516168266166,0.2160969713130058,0.08318829780329236,5.707610565870379,0.789579984864721,0.5433,0.8952741347302845,0.2187057374148471,0.08341824292504395
0.8375725158021451,0.8215308027462153,0.21859160352729026,0.0834649009907491,5.728005745205611,0.8134165149416598,0.559,0.9062351425545316,0.28033068521270854,0.14593013043829514
0.8620519288467549,0.8324919052988912,0.21964944529393543,0.08362374798585591,5.7481663397883835,0.8375725158021451,0.575,0.9233072032515554,0.2805296845242211,0.06726912234062396
0.886855207122911,0.843379134834722,0.21645291223929522,0.08168986046593676,5.768088170209671,0.8620519288467549,0.5911,0.9342881110069537,0.2898280836895939,0.15540971953790897
0.9119776864206266,0.85404191656896,0.21108761433724993,0.07928479172100593,5.787770476213448,0.886855207122911,0.6074,0.9522900116205147,0.290636178003274,0.06563007938795398
0.9374143962531979,0.8646765056884129,0.21377941352708477,0.08167006709241885,5.807215934263548,0.9119776864206266,0.6238,0.9633517288072811,0.2911482363095197,0.15572022371441926
0.9631658277043246,0.8752547160345711,0.2100620149431869,0.0791738845194779,5.826422968498786,0.9374143962531979,0.6404,0.9814048352514667,0.2772909754396957,0.05128821316090036
0.9892284027532727,0.8857193046406977,0.20876962157911572,0.07909297251498996,5.845390687918117,0.9631658277043246,0.6572,0.9910808263512507,0.24962883457922191,0.13103919273564035
1.0156002456597404,0.8961609422654557,0.20887551141472085,0.07936972282582715,5.86411957456718,0.9892284027532727,0.6741,1.006367718709389,0.30690360636060676,0.11734489914028093
1.0422793485166826,0.9064345676441217,0.20316505563595968,0.07621662264520812,5.8826081080411345,1.0156002456597404,0.6911,1.0217711869873114,0.2915485999533929,0.10009903056460917
1.0692580809305698,0.9163999845795253,0.19669332560806937,0.07362924303947771,5.900858188274627,1.0422793485166826,0.7083,1.0355225787047282,0.24913206664978205,0.07793562609550271
1.096530620389307,0.9263784161412508,0.20151812084804793,0.07737275641833086,5.918875128197906,1.0692580809305698,0.7256,1.0466843936522896,0.29146117179208897,0.15474924196383488
1.1241014068865074,0.9365343250534717,0.20420302465771814,0.07803083035730654,5.936656830599051,1.096530620389307,0.7431,1.064668695883937,0.29154648554919005,0.06679040766789869
1.1519744110520151,0.9467886373381129,0.2056848879052513,0.07839035894526337,5.954197293655461,1.1241014068865074,0.7607,1.0758390422072086,0.2234851377972591,0.08495246730760769
1.1801518028525315,0.9570947726855693,0.20641962258819155,0.07854306246670151,5.971492344484921,1.1519744110520151,0.7784,1.087017209663663,0.29077536436941775,0.15383514180533933
1.208632599201728,0.9672334661858324,0.20030190623864275,0.07506001470612884,5.988538910487666,1.1801518028525315,0.7963,1.1049165786441504,0.33553520870512,0.11298221211196109
1.2374094569422296,0.9771111818400056,0.19569143037725734,0.07356339015789119,6.0053392618865145,1.208632599201728,0.8143,1.120570730534175,0.2683567461433656,0.07308839660253574
1.2664760285404102,0.9868275908658198,0.1934039272886714,0.07308724938517225,6.021898075388431,1.2374094569422296,0.8324,1.131752253258487,0.2691484055698212,0.13162063227153709
1.2958285169487265,0.9964299852190185,0.1911285177735892,0.07222486772148706,6.038217719009702,1.2664760285404102,0.8506,1.1474855710911571,0.28916732994917815,0.09340102519977622
1.32546558533393,1.0061077430257492,0.19520038358301817,0.07484531768282912,6.054299485449583,1.2958285169487265,0.869,1.1606689862534048,0.26977022495646485,0.10642306285183468
1.3553897726822763,1.0157699896257821,0.19191897856579948,0.07235505804599705,6.070140007484637,1.32546558533393,0.8874,1.1744625935868036,0.2684319279579439,0.09717636965652936
1.3855984398752583,1.0253517651618278,0.19144344906467997,0.07264890607283886,6.0857381917308055,1.3553897726822763,0.906,1.1875121790491991,0.27000075534462153,0.10838650802120126
1.4160889178884761,1.0347748538736563,0.18643995082861087,0.06998233293354109,6.101094618333828,1.3855984398752583,0.9246,1.2014626691212658,0.3152680491657245,0.14316651825824325
1.4468564766221714,1.04412033317214,0.18722807924802054,0.07126122468098092,6.116211915960064,1.4160889178884761,0.9434,1.2190389839657716,0.26983798714723894,0.049800809930672145
1.477899968957184,1.0533869268496283,0.18404607976877568,0.06938095874353886,6.131090728252895,1.4468564766221714,0.9622,1.2284464678359897,0.26852224763995736,0.15387323344644044
1.509216684295794,1.0626137315023867,0.18486840932153617,0.07037056916444322,6.145731785151004,1.477899968957184,0.9812,1.2458912087297673,0.2692833397847827,0.05093020694145505
1.5408072567395532,1.071894362603233,0.18611712459280783,0.07091710846788271,6.16013485837332,1.509216684295794,1.0002,1.255374801814468,0.3008941107541241,0.186077532999905
1.5726712432379706,1.0810315240621213,0.18045559957388194,0.06759755681171231,6.174297322701317,1.5408072567395532,1.0193,1.2759806198051797,0.26834163086347784,0.009170128227207046
1.6048044076881394,1.0901559427564775,0.18386674473712616,0.07042787721094544,6.1882217059465345,1.5726712432379706,1.0385,1.2822089649008157,0.2681081125540863,0.19447643936608175
1.6372060637048276,1.0990682857302896,0.1744362156460611,0.06467338213976846,6.2019071800534755,1.6048044076881394,1.0578,1.3027914310605884,0.3151738962241546,0.057482306456313866
1.6698676311016294,1.1077899115447394,0.17443000410717852,0.06626490607885767,6.215358197794619,1.6372060637048276,1.0772,1.3137263545232312,0.2545341230714415,0.11982101550372432
1.7027875152149041,1.1165318037551748,0.175114429701438,0.06664171226004079,6.228578741868105,1.6698676311016294,1.0966,1.3282448433677325,0.29142031735593044,0.11138845124001123
1.7359669675161793,1.125336255734352,0.17674973283385517,0.06742382553381,6.241567267591714,1.7027875152149041,1.116,1.3428683862588242,0.26585233675198605,0.08382128871939605
1.7694066575878993,1.1340752608241995,0.17344454039208002,0.0653325947488775,6.254321111345079,1.7359669675161793,1.1356,1.3548300770429311,0.2661083216145377,0.1184357349785181
1.8031023715334924,1.1426299615863387,0.1695004553109199,0.06372612288021483,6.2668410399105055,1.7694066575878993,1.1552,1.369479218420278,0.29386394004320193,0.11220745745875142
1.8370495124579724,1.1510916368042168,0.1690526274527093,0.06414732167215016,6.279131060294039,1.8031023715334924,1.1748,1.3842164710472513,0.3041191559891132,0.12158364674188533
1.871247805503602,1.1596261324965735,0.1718000101287463,0.06573149096016923,6.291192787707048,1.8370495124579724,1.1945,1.3998911340191893,0.2634917146960092,0.06783623312439102
1.9057009715887503,1.1683183700787305,0.17523123293248816,0.06715064296291147,6.3030233827326505,1.871247805503602,1.2143,1.4105656425168522,0.254745839736652,0.1233987952433277
1.9404100924056025,1.176821920695176,0.16657215174872514,0.06181627224827323,6.314617687745663,1.9057009715887503,1.2341,1.4253657179928545,0.2966458947840911,0.11311157013594418
1.9753653175114279,1.184967541125178,0.16043095476493488,0.059909070541297356,6.325979984207352,1.9404100924056025,1.2539,1.4402302319952613,0.30363272889651016,0.11944263138325122
2.0105578742681343,1.1928772718410636,0.1566784966001555,0.0588874657829716,6.3371192671054635,1.9753653175114279,1.2738,1.4557289908825055,0.30399929911721246,0.1116333013244639
2.0459815471813854,1.2005775435719408,0.15219308099961137,0.05705952045866241,6.348041287267329,2.0105578742681343,1.2937,1.4706301619069826,0.24860552441387185,0.06255757794676389
2.081628397820653,1.2079204991406358,0.14324247307491625,0.05290401539540712,6.358751141533682,2.0459815471813854,1.3136,1.4805895433238927,0.2493155142334036,0.12706074844337334
2.1174635693625095,1.2127322476514497,0.06436133485191972,0.011110030394157597,6.369258083357703,2.081628397820653,1.3335,1.495561713330323,0.30278628349758474,0.11718555107480735
2.153373268844197,1.212713911456312,-0.04425566576322667,-0.03518271269902255,6.379631751219912,2.1174635693625095,1.3535,1.5108681716736512,0.25276217742658647,0.0615884771865945
2.1892020616505055,1.2072659075290402,-0.15283304542235074,-0.07642454336066398,6.390005927408856,2.153373268844197,1.3735,1.5208379310729816,0.2993715026434862,0.17824248223147618
2.224794592067745,1.1968861608799763,-0.24472633929365806,-0.10851309161372867,6.400530981130434,2.1892020616505055,1.3935,1.5408053219379998,-0.0025062656116836557,-0.26025465190574365
2.2600249519213143,1.1831272667153088,-0.2958254980234633,-0.12102633208831823,6.411342624230677,2.224794592067745,1.4134,1.5205873045118132,-0.2993715026434862,-0.04598556302700919
2.2948152990988953,1.1672843392214787,-0.3311199218717499,-0.13176169263686263,6.4225323559436704,2.2600249519213143,1.4334,1.5108681716736512,-0.250255911815338,-0.13112529319785582
2.3291157666764004,1.1501592598275319,-0.35021897620273806,-0.13627832684575902,6.434154816334307,2.2948152990988953,1.4533,1.4955617133302794,-0.24868019401937058,-0.057403769240742156
2.362895750277259,1.132130540553224,-0.3675959725733195,-0.14258859018568662,6.4462417415789774,2.3291157666764004,1.4733,1.4860001522717141,-0.29903899939199174,-0.18316953644956963
2.3961341926713935,1.1136953370214993,-0.36945524954633996,-0.14067053400391533,6.458813807423127,2.362895750277259,1.4932,1.4656578133910803,-0.3084715491449619,-0.05371020880231073
2.4288265483429963,1.0952577567507287,-0.3682745840260875,-0.1397078076645849,6.47187772538295,2.3961341926713935,1.513,1.455152997357218,-0.24778846519968534,-0.11845626933941183
2.4609747721711974,1.0769481803797032,-0.3647789908362833,-0.13798836275136311,6.485429118269518,2.4288265483429963,1.5329,1.4408789668711117,-0.30515063008800025,-0.12861910232630186
2.4925824168370503,1.0587066428377512,-0.36486580339067526,-0.13862720492574895,6.499460043410639,2.4609747721711974,1.5526,1.424637934348418,-0.30313324354259485,-0.10116618178701156
2.5236494167404833,1.0403971499596345,-0.36708760270465435,-0.13983234605376363,6.513964041630826,2.4925824168370503,1.5724,1.4105656425168522,-0.24746800329226826,-0.07208837141427837
2.554174927980244,1.0221732142442759,-0.36271004357506836,-0.13705311404004006,6.528938021950875,2.5236494167404833,1.5921,1.399891134019191,-0.25423732149994605,-0.12287747996761804
2.584164303126293,1.0041730742028174,-0.3581674076230957,-0.13529945540389574,6.544374803895266,2.554174927980244,1.6118,1.3851419103668576,-0.304119155989131,-0.12142915698084399
2.613623879699423,0.9863669949510596,-0.3547342768536642,-0.13418294421986038,6.560263672178431,2.584164303126293,1.6314,1.369479218420278,-0.31384981730249617,-0.11961610473156813
2.6425607388066457,0.968899988378042,-0.34568240501464337,-0.129793880611564,6.576594688355691,2.613623879699423,1.6509,1.353756928636608,-0.25481739679274806,-0.05832898434010598
2.6709844441711863,0.9516246838252884,-0.3453866201492276,-0.13116232855361618,6.593354402911619,2.6425607388066457,1.6704,1.3439974787410032,-0.2551208526887816,-0.1355923579914211
2.6988966896513116,0.93433222816515,-0.346162762258396,-0.13163848133744735,6.610533081979697,2.6709844441711863,1.6898,1.3282448433677299,-0.31544754375942174,-0.12009329097100499
2.7262964479172394,0.916995580861905,-0.34711963827925685,-0.13203256009429928,6.6281260072228605,2.6988966896513116,1.7091,1.312452724365061,-0.25453412307144374,-0.057137414406439165
2.7531838632529024,0.8997527633510334,-0.34332166755202037,-0.1297855723999969,6.646128956313682,2.7262964479172394,1.7284,1.3027914310605855,-0.254505067785038,-0.1362278176183054
2.7795645016989456,0.8827741564474101,-0.3370297143094535,-0.12697346002186244,6.664534343358844,2.7531838632529024,1.7476,1.2870022175865572,-0.31597382222846804,-0.12016076179055518
2.8054489737605293,0.8662722973713012,-0.32529578830959527,-0.12159537191240508,6.683330655490037,2.7795645016989456,1.7667,1.2711940488377387,-0.31627415772087497,-0.12022403168425212
2.8308510670815705,0.8501148560829291,-0.32169300739645706,-0.12160185882497869,6.702501724533094,2.8054489737605293,1.7857,1.2553748018144697,-0.25302840107971347,-0.0552437049524215
2.855774419881128,0.8338448931588002,-0.32791233336424025,-0.12562573086982118,6.722034671364354,2.8308510670815705,1.8047,1.2458912087297673,-0.2692833397848182,-0.15367126593907568
2.8802155581475413,0.8176339456446123,-0.3217145946617024,-0.12117118091840408,6.741926863301048,2.855774419881128,1.8235,1.2284464678359879,-0.2685222476399374,-0.05014996164695044
2.9041786765685815,0.8014762029351533,-0.3241312105019295,-0.12354620314501874,6.762171760415494,2.8802155581475413,1.8423,1.2190389839657736,-0.2518226936207779,-0.13675342931809983
2.927664634947138,0.7854668913510913,-0.31751138206042756,-0.11950297124153926,6.782762911243777,2.9041786765685815,1.861,1.20326419847391,-0.33400163534365035,-0.13882844866265806
2.950681326915503,0.7697616629864172,-0.3117945477147014,-0.11748388244631035,6.803691833416606,2.927664634947138,1.8795,1.1856388204314086,-0.2687511423831457,-0.04805343869088058
2.973236555965529,0.7542662507727327,-0.30862930781189907,-0.11671292715904649,6.824946899711388,2.950681326915503,1.898,1.1763890842355955,-0.26966237994048514,-0.15707783978976284
2.9953353237700493,0.7389161835595414,-0.30589769734047134,-0.1157484989189349,6.84651861535421,2.973236555965529,1.9163,1.15867258243736,-0.28903513144433957,-0.06767190135020812
3.016979245832393,0.7234696038973982,-0.31098859639619597,-0.11900559770905035,6.868398903658138,2.9953353237700493,1.9345,1.1474855710911616,-0.2692032917887799,-0.13160606736922367
3.0381665790240304,0.7081773235313639,-0.3023582057413259,-0.11340629519768873,6.890584500444134,3.016979245832393,1.9526,1.131752253258482,-0.26914840556986563,-0.07287831759673104
3.058903781808805,0.6929572428253103,-0.3057872417427362,-0.11674848737827627,6.913067141896443,3.0381665790240304,1.9706,1.120570730534175,-0.2683567461433167,-0.13080905045914068
3.0791896557410032,0.6777260780245167,-0.3038341262682381,-0.11509624635721491,6.935840205306652,3.058903781808805,1.9885,1.1049165786441504,-0.3355352087050423,-0.14195742863664695
3.099028846389868,0.6628446586397757,-0.2934204978754554,-0.10970924281912296,6.958898621097929,3.0791896557410032,2.0062,1.0870172096636708,-0.2466720067614081,-0.021882736655973477
3.118433641643088,0.648334120591475,-0.28803432479212543,-0.10851330793810084,6.982230671006995,3.099028846389868,2.0238,1.0802493779680096,-0.2670920478555927,-0.1864725646829159
3.1374118182980597,0.6339915010550123,-0.2860510175238368,-0.10833533886607609,7.005824560493394,3.118433641643088,2.0413,1.0603080048781115,-0.33564984315717306,-0.08674704082464736
3.1559637655657764,0.6194543759668821,-0.29392356033732975,-0.11299301133697744,7.02967237786692,3.1374118182980597,2.0586,1.0466843936522923,-0.24785426173385972,-0.07827471128458459
3.1740836531950904,0.6049016921091245,-0.28910784859768573,-0.10901758125844188,7.0537725605894135,3.1559637655657764,2.0758,1.0355225787047255,-0.223057813951395,-0.08462448973314665
3.1917760881970967,0.5905659464620054,-0.2850926708386092,-0.10762756322974334,7.078120277610167,3.1740836531950904,2.0929,1.0243786122571528,-0.2915485999534573,-0.15506921066275203
3.2090468764278968,0.5764049552653229,-0.2819500089437017,-0.1065812811056505,7.102706797604707,3.1917760881970967,2.1098,1.0063677187093798,-0.360370957191235,-0.1370037020694397
3.2259013198437025,0.5624470607155173,-0.27726481013710186,-0.10454048002623843,7.127524248966725,3.2090468764278968,2.1265,0.9883415165380293,-0.24962883457913088,-0.023277152773404412
3.2423441396208603,0.5485436086153075,-0.2786142341355439,-0.10607379285639244,7.152564449795671,3.2259013198437025,2.1431,0.9814048352514667,-0.2214377983657112,-0.13749035420053082
3.258375133025877,0.5346393190557913,-0.2777274131352248,-0.1053586701488258,7.177821681498729,3.2423441396208603,2.1596,0.9661977367014581,-0.3202485505335073,-0.1320554371091714
3.273993943975829,0.5206606538077996,-0.2808248423863346,-0.10720922595299537,7.203291074411278,3.258375133025877,2.1758,0.949379980198116,-0.28952598307032895,-0.07977368965068037
3.289198880812081,0.5067304098081854,-0.27709958433662013,-0.10464009941642223,7.228968799858277,3.273993943975829,2.192,0.9372451383944252,-0.25096801280478753,-0.10067984789146091
3.3039954318018157,0.49309726211899657,-0.2696547163697542,-0.10118269401953092,7.254849144849373,3.289198880812081,2.2079,0.9242831789176372,-0.27930000571118496,-0.11905061754340035
3.3183905037108063,0.4795159035916846,-0.27296469467057866,-0.10425906488756881,7.280922925771073,3.3039954318018157,2.2237,0.9093151378233068,-0.3290065753058502,-0.14411897056335538
3.3323837315748452,0.4660120319602214,-0.26811985686269857,-0.10103930927991045,7.307184589359608,3.3183905037108063,2.2393,0.8913825213870522,-0.28125637717843266,-0.05690836619915728
3.345980728759861,0.452740991419253,-0.263590855744758,-0.09937215796801449,7.333628261136136,3.3323837315748452,2.2547,0.8811895001054635,-0.21082564539891213,-0.08458707436408919
3.3591862848404888,0.4395134492699284,-0.26520157987829285,-0.1010225332312086,7.360246105077519,3.345980728759861,2.27,0.870299956847161,-0.32048024175336143,-0.1880123367766434
3.372000630874402,0.42634627386973806,-0.2620835676424279,-0.0990382217901663,7.387032885476943,3.3591862848404888,2.285,0.8491414759301273,-0.31947811974473495,-0.054461199808856046
3.384425808913668,0.41317447615921016,-0.2643528312846499,-0.10081145337156094,7.41398317667721,3.372000630874402,2.2999,0.8383521448726875,-0.21215777912883094,-0.07825717079666608
3.3964612143130783,0.4000557600412299,-0.2610326990508838,-0.0986048176624204,7.4410923611885815,3.384425808913668,2.3146,0.8279256980172442,-0.28224041739090877,-0.15478659527081226
3.4081103060824596,0.38706072292549387,-0.2591332588492944,-0.09812346632488865,7.468355123834792,3.3964612143130783,2.3291,0.8101281031335966,-0.3192722496396605,-0.09762341599745641
3.419375467718305,0.374100493130358,-0.2592529560015472,-0.098510440015391,7.495765391079096,3.4081103060824596,2.3434,0.7959984730532782,-0.28263493934032824,-0.10740032796940024
3.430258862419615,0.3613115843287084,-0.2534220409911978,-0.09528888119648211,7.523318157697501,3.419375467718305,2.3575,0.7818646091995638,-0.24783755647121541,-0.07167261866065847
3.440767160363398,0.3487343234459364,-0.25027248949049735,-0.0945458758795225,7.551007003548625,3.430258862419615,2.3714,0.7712147174061567,-0.2825785115658086,-0.1522495721129444
3.450905506312132,0.3363149340165486,-0.24710973822153393,-0.09334210995099727,7.578825259906577,3.440767160363398,2.3851,0.7536067580429829,-0.31720679682697983,-0.09795329001154368
3.4606749613311822,0.32371719364747165,-0.25524000772164124,-0.09834071791962253,7.606766984538925,3.450905506312132,2.3986,0.7394940377234587,-0.24885418277563187,-0.0729876925273753
3.470066722116543,0.31082600502372404,-0.2595755374387343,-0.09934603058762652,7.634829547453304,3.4606749613311822,2.4119,0.7287213397654198,-0.24899306895942663,-0.11623408881981648
3.479078806007143,0.2981932115556997,-0.24796388849563583,-0.09223766324531987,7.663011152899288,3.470066722116543,2.425,0.714594730827516,-0.28224969817684076,-0.10704438084876979
3.4877224309926493,0.2858510173779461,-0.24608450341380644,-0.09316963632981799,7.691304871510174,3.479078806007143,2.4379,0.7004963699477357,-0.3203533962923788,-0.14647152170602362
3.49600090283911,0.2734898058463948,-0.2479969866363462,-0.09453751082128356,7.7197037637550885,3.4877224309926493,2.4505,0.6825593911982781,-0.3200046753552699,-0.09657548183999623
3.5039142534711645,0.26123608551727406,-0.24309287203095736,-0.09152153545584896,7.748203655736884,3.49600090283911,2.4629,0.6684959024122087,-0.21078202226657128,-0.034592780870867076
3.5114653254845978,0.24893020596745058,-0.24816838715823983,-0.09513759591083346,7.776799371142068,3.5039142534711645,2.4752,0.661481188971621,-0.24994793618924316,-0.16571093067198345
3.5186506502303585,0.23658112489504496,-0.24617696032990266,-0.09318581462391212,7.80548699668164,3.5114653254845978,2.4872,0.6435011087932844,-0.3599614873241197,-0.13698158375187128
3.5254715624934874,0.22429904815044657,-0.2452784127901342,-0.09302931433957895,7.834262487853543,3.5186506502303585,2.4989,0.625485040239209,-0.2499479361892376,-0.02373506213205002
3.5319292421912984,0.21203615464232337,-0.24524392883612328,-0.0931623352677175,7.863121015383749,3.5254715624934874,2.5105,0.6185063151743606,-0.250004219994443,-0.16623307192721587
3.538026052304811,0.19996193213256938,-0.23893537572326376,-0.08970459331887254,7.892058106541454,3.5319292421912984,2.5218,0.6004846182397647,-0.3188683660924796,-0.09431726274399704
3.543766969811668,0.18790897508038895,-0.24249921207630307,-0.09272817387703985,7.9210683010869,3.538026052304811,2.5329,0.5866194785651127,-0.29147138406148576,-0.11987247487313685
3.549150792604783,0.17589263418767787,-0.23885377974433164,-0.09012401861312358,7.950147252187313,3.543766969811668,2.5437,0.5713374798336162,-0.2642611568752229,-0.07369249127638683
3.554182261797415,0.16411732783434826,-0.23323616774498382,-0.0876563486438334,7.979290545846718,3.549150792604783,2.5543,0.5601933628775904,-0.2491976529585327,-0.11165054493779829
3.5588678429841956,0.1524841893445513,-0.23227388362311963,-0.08807811818449876,8.008492809226627,3.554182261797415,2.5647,0.5464177145377629,-0.3175958999669015,-0.14780933652257805
3.5632081346149116,0.14074434979999678,-0.23650729124986122,-0.0905651327314083,8.037749354351307,3.5588678429841956,2.5748,0.5284337728809002,-0.29130334210148323,-0.06654579875881782
3.5671985903161634,0.12886703061241095,-0.23825079145710565,-0.090806377504401,8.067056665200548,3.5632081346149116,2.5847,0.5172873803276146,-0.22306141969943294,-0.08482721695871023
3.5708379828527286,0.11706939329078717,-0.2343948334222859,-0.08839438647827703,8.09641122581316,3.5671985903161634,2.5944,0.5061276309109569,-0.2674043150068822,-0.13011364228684089
3.5741295004661318,0.10532377197620504,-0.2352634482943933,-0.08952347050508686,8.12580861977478,3.5708379828527286,2.6038,0.49054694882692634,-0.3353171489339585,-0.1426820317394512
3.577072647977889,0.09352933456880624,-0.23631264973162452,-0.08995263829052198,8.155244593653963,3.5741295004661318,2.6129,0.47259591601756107,-0.29136472559325666,-0.06703342577769385
3.5796667971141196,0.08176534135103464,-0.2345797333726059,-0.08882372121939092,8.184715221505593,3.577072647977889,2.6218,0.4614104762676007,-0.22370319756834678,-0.08498122931924706
3.581913030932231,0.06999660971307516,-0.23591339119965635,-0.08984910079077149,8.214216330167952,3.5796667971141196,2.6305,0.4502255962607264,-0.29002700697069006,-0.1529813242053222
3.583812469917551,0.058397722607213924,-0.22930921066503643,-0.08599761600529571,8.243743846794219,3.581913030932231,2.6389,0.43240777557053167,-0.3352333552133785,-0.11372516811831632
3.5853720099201216,0.04699352671033332,-0.22725316404056767,-0.08598572890694266,8.2732933887851,3.583812469917551,2.647,0.41670226073938854,-0.24880949270890573,-0.05238637516916366
3.5865951019891167,0.035654771935454105,-0.22645088289280624,-0.08589301300230497,8.302860710604637,3.5853720099201216,2.6549,0.4075268262996411,-0.2691109937359065,-0.15747146475429755
3.587483351963069,0.02437372427246084,-0.22505850211515477,-0.08526416895816734,8.332441897908879,3.5865951019891167,2.6625,0.3897911613657979,-0.2887573462814713,-0.06713981947270423
3.5880359416243524,0.012904260536387739,-0.23232574085069016,-0.0894896304952595,8.362033105983313,3.587483351963069,2.6699,0.37865109167149397,-0.2692455144966388,-0.13225514906949923
3.5882452712875863,0.0012216656796825956,-0.2345509863851026,-0.08948228888847187,8.3916306415224,3.5880359416243524,2.677,0.362866609916134,-0.26893748842378606,-0.07200180650175253
3.5881077925580445,-0.010506593028847273,-0.23457480938914907,-0.08911899196319567,8.421230619433892,3.5882452712875863,2.6839,0.35175734282911536,-0.26899003989986736,-0.13239076247816828
3.5876250791695443,-0.022061620370019523,-0.22874477716511749,-0.08591413507358445,8.450828985699165,3.5881077925580445,2.6905,0.3359676059261473,-0.3158656594922349,-0.12004312208996704
3.5868055641436105,-0.03324027266839548,-0.22006638380869376,-0.08213546322643339,8.480421782607944,3.5876250791695443,2.6968,0.32017077687989187,-0.3008873452130745,-0.10459634701220459
3.5856591642668,-0.04420958676157594,-0.21892526512360105,-0.08297668275828578,8.51000543136083,3.5868055641436105,2.7028,0.3058788714048398,-0.26803765050165407,-0.09034147942149506
3.584187121171564,-0.05528916018929233,-0.22339918227325567,-0.08562602722128569,8.539576509655971,3.5856591642668,2.7086,0.29336701182972647,-0.26891454598956144,-0.11421248165100728
3.58238387512268,-0.06658655488009645,-0.22767590281472033,-0.08721741103723228,8.569131279189515,3.584187121171564,2.7141,0.2789874168058837,-0.2536211609538813,-0.07443053330448347
3.5802447084831326,-0.07794420836321801,-0.22679849083050402,-0.08601236571811458,8.598665683645677,3.58238387512268,2.7194,0.26800489573433833,-0.26744958916050166,-0.1324472420376448
3.577770769307924,-0.08918725313013698,-0.22354702593799425,-0.08437562167073161,8.62817581472355,3.5802447084831326,2.7244,0.2522424578898335,-0.3031650442218836,-0.1073751941393265
3.5749647909302866,-0.10042116698618712,-0.22544528976953315,-0.08596771580626564,8.657658168119665,3.577770769307924,2.7291,0.23768839131214997,-0.303179619329986,-0.12298453857515347
3.5718253405473774,-0.11170686017635877,-0.2258958437148981,-0.08589405664588035,8.687109044222238,3.5749647909302866,2.7335,0.22192449595683492,-0.26595058089409623,-0.06920540621983824
3.5683528392944246,-0.12289136544328132,-0.22219428159697432,-0.08378562249333854,8.716524555531345,3.5718253405473774,2.7377,0.21109333322274035,-0.2551029006079697,-0.12174317061398322
3.564551685135836,-0.13392148240840468,-0.21952300837322516,-0.08294498509595351,8.745901322829356,3.5683528392944246,2.7416,0.19641420589603795,-0.30346577750019754,-0.1216639506174485
3.5604245580731257,-0.1449535724803207,-0.22140036502441499,-0.08442751341984626,8.775236281850788,3.564551685135836,2.7452,0.1807467554727206,-0.3044248339977515,-0.10989252882566906
3.555969367497876,-0.15609114616418995,-0.22366735779387759,-0.08535468721554493,8.804525855202428,3.5604245580731257,2.7485,0.1659717224962628,-0.2466625487724905,-0.06219355691765662
3.551183487346394,-0.16727362282137828,-0.22363743155739957,-0.08495479885152635,8.83376599294761,3.555969367497876,2.7516,0.15608050059547154,-0.25489094105858673,-0.13365610233328254
3.5460657600340086,-0.17854240997439758,-0.22655433745496226,-0.08656133032784868,8.862952846751657,3.551183487346394,2.7544,0.14048262839040412,-0.3110707693769966,-0.1176036397782579
3.5406152396386408,-0.18968544137811685,-0.22035614797685585,-0.08266501051120524,8.89208231329078,3.5460657600340086,2.7569,0.12497342365777188,-0.30376979140705596,-0.11126321112780459
3.5348401842951738,-0.20045236313202652,-0.21193620387519288,-0.07909051885881864,8.921151395665094,3.5406152396386408,2.7591,0.11010564924969853,-0.2480725876985676,-0.06244222329061606
3.5287482658785816,-0.21120676555949042,-0.2172252630801519,-0.0834183695343554,8.950158703228945,3.5348401842951738,2.7611,0.10016616488791512,-0.2987622277578711,-0.17800858339386968
3.5223366485033942,-0.22198884880465133,-0.21456799202881366,-0.08106494253015041,8.97910095098516,3.5287482658785816,2.7627,0.08022942647391142,-0.29930128264075245,-0.04954356800478881
3.5156031930773044,-0.233071057448065,-0.22644227475053175,-0.08803364938671113,9.00797461120169,3.5223366485033942,2.7641,0.07023603662383987,-0.20301271352711495,-0.07915383230506401
3.508538875088343,-0.24419292073995544,-0.2197217017379441,-0.08233563720323667,9.036774276708348,3.5156031930773044,2.7653,0.05992815512119992,-0.30257349500553377,-0.1771614841988984
3.5011625733377465,-0.2538396335361471,-0.17477098459742665,-0.058793150253202,9.06549612673492,3.508538875088343,2.7661,0.03997868712328649,-0.2993715026430383,-0.04945127592570319
3.4935375793309404,-0.26090525865409214,-0.11862585639184556,-0.035570364033561674,9.094147604836824,3.5011625733377465,2.7667,0.02999100485689609,-0.2997902043662214,-0.17844042062205273
3.4857472081312126,-0.26495738185531603,-0.05555885484175823,-0.010440554876186628,9.122745847827613,3.4935375793309404,2.7669,0.00999966668666435,-0.29991004856896086,-0.049463027107147485
3.4778776632319732,-0.26640485368566863,-0.010906836478894573,0.003408309971948412,9.151312916225535,3.4857472081312126,2.7669,0.0,-0.09999666686664349,0.026535653653109934
3.4699921781910374,-0.266190470977274,0.014590336781079094,0.009855101159112938,9.179868734917015,3.4778776632319732,2.7669,0.0,0.0,0.0
3.4621290160567146,-0.26497005595800277,0.03106549814083014,0.014588138429937727,9.208426223559274,3.4699921781910374,2.7669,0.0,0.0,0.0
3.4543122089297955,-0.26310823543941153,0.04142068012168206,0.017487031841808408,9.236993193714168,3.4621290160567146,2.7669,0.0,0.0,0.0
3.4465568927434362,-0.2608478548888116,0.047775336428662905,0.019224590506084778,9.265574546546464,3.4543122089297955,2.7669,0.0,0.0,0.0
3.438872363484836,-0.25834626027720314,0.0515618476768682,0.02022876733395213,9.294173227795222,3.4465568927434362,2.7669,0.0,0.0,0.0
3.4312641603872547,-0.2557039957536889,0.0537153269524869,0.02077070779299131,9.322790916298706,3.438872363484836,2.7669,0.0,0.0,0.0
3.423735431535436,-0.25298482876831335,0.054836187016614746,0.02102185596700233,9.351428486394665,3.4312641603872547,2.7669,0.0,0.0,0.0
3.416287812188294,-0.2502290042843196,0.055306518104645326,0.021090497720950407,9.380086307982474,3.423735431535436,2.7669,0.0,0.0,0.0
3.4089219952154366,-0.24746183114213705,0.05536852008501934,0.02104498450678372,9.408764437878725,3.416287812188294,2.7669,0.0,0.0,0.0
3.4016380406587956,-0.24469916215935592,0.05517534634242076,0.020928433877044236,9.437462740569003,3.4089219952154366,2.7669,0.0,0.0,0.0
3.394435665272773,-0.2419508726600578,0.05482379245153637,0.02076807995405287,9.466180964004291,3.4016380406587956,2.7669,0.0,0.0,0.0
3.38731434736351,-0.2392230611565595,0.05437484248011344,0.020581064989825367,9.49491878702008,3.394435665272773,2.7669,0.0,0.0,0.0
3.3802734213145147,-0.23651944938528466,0.05386701638310612,0.020378200069854212,9.523675848937376,3.38731434736351,2.7669,0.0,0.0,0.0
3.3733121351735655,-0.2338422589133285,0.05332461982151144,0.02016629748442381,9.552451767938186,3.3802734213145147,2.7669,0.0,0.0,0.0
3.3664296862372804,-0.2311927633108251,0.052762922675193995,0.019949644875830272,9.581246152475677,3.3733121351735655,2.7669,0.0,0.0,0.0
3.3596252435645657,-0.22857164125361393,0.052191536067159414,0.019730936550827353,9.61005860834101,3.3664296862372804,2.7669,0.0,0.0,0.0
3.3528979620798296,-0.2259791973295813,0.051616497628380775,0.019511861904238845,9.638888742987168,3.3596252435645657,2.7669,0.0,0.0,0.0
3.346246991429916,-0.22341550144556072,0.05104158947868989,0.019293476341021788,9.667736168155926,3.3528979620798296,2.7669,0.0,0.0,0.0
3.3396714815312456,-0.22088047680498663,0.05046917054784135,0.019076435345917814,9.69660050144654,3.346246991429916,2.7669,0.0,0.0,0.0
3.333170586029028,-0.21837395541367868,0.04990070197574765,0.018861142182031766,9.72548136722527,3.3396714815312456,2.7669,0.0,0.0,0.0
3.326743464439503,-0.21589571309003483,0.04933707869804899,0.018647841085373148,9.75437839712497,3.333170586029028,2.7669,0.0,0.0,0.0
3.3203892834616835,-0.21344549154102302,0.048778838688578595,0.01843667606702882,9.783291230290272,3.326743464439503,2.7669,0.0,0.0,0.0
3.314107217765529,-0.21102301227652076,0.048226294989730356,0.018227728014253777,9.812219513465427,3.3203892834616835,2.7669,0.0,0.0,0.0
3.307896450450239,-0.2086279853738413,0.04767961901858708,0.018021038098712232,9.841162900985356,3.314107217765529,2.7669,0.0,0.0,0.0
3.3017561732948146,-0.20626011499299246,0.04713889312771533,0.017816622544965122,9.870121054707653,3.307896450450239,2.7669,0.0,0.0,0.0
3.295685586878005,-0.2039191028419034,0.04660414376606992,0.01761448194757313,9.89909364390906,3.3017561732948146,2.7669,0.0,0.0,0.0
3.2896839006162826,-0.2016046503483119,0.04607536239912261,0.017414607148614543,9.928080345161096,3.295685586878005,2.7669,0.0,0.0,0.0
3.283750332750503,-0.19931646001576545,0.045552518705367494,0.01721698294489884,9.957080842193927,3.2896839006162826,2.7669,0.0,0.0,0.0
3.2778841103006275,-0.19705423626498916,0.045035568899623526,0.01702159042588729,9.98609482575416,3.283750332750503,2.7669,0.0,0.0,0.0
3.272084469000709,-0.19481768595070204,0.044524460981479476,0.016828408447593538,10.015121993460074,3.2778841103006275,2.7669,0.0,0.0,0.0
3.266350653221834,-0.19260651867381254,0.04401913804369224,0.016637414561367966,10.044162049656434,3.272084469000709,2.7669,0.0,0.0,0.0
3.2606819158878753,-0.19042044696466315,0.04351954035652838,0.01644858559874333,10.073214705270233,3.266350653221834,2.7669,0.0,0.0,0.0
3.25507751841477,-0.18825918750251588,0.043025632995681455,0.01626189803927149,10.102279677668161,3.2606819158878753,2.7669,0.0,0.0,0.0
3.249536730517487,-0.18612245702974228,0.04253730969608996,0.016077328386586685,10.131356690510076,3.25507751841477,2.7669,0.0,0.0,0.0
3.244058830254242,-0.18400997783098105,0.04205452058657634,0.015894852725056762,10.160445473627975,3.249536730517487,2.7669,0.0,0.0,0.0
3.238643103864106,-0.18192147492505384,0.04157720771473365,0.015714447673089684,10.189545762877074,3.244058830254242,2.7669,0.0,0.0,0.0
3.2332888456819444,-0.17985667629810698,0.04110531078352501,0.015536089928501359,10.21865730000538,3.238643103864106,2.7669,0.0,0.0,0.0
3.2279953580494816,-0.1778153129629267,0.04063876909529286,0.015359756365626897,10.247779832524566,3.2332888456819444,2.7669,0.0,0.0,0.0
3.2227619512256322,-0.1757971189589574,0.04017752222369713,0.015185424075457706,10.27691311358309,3.2279953580494816,2.7669,0.0,0.0,0.0
3.2175879432971852,-0.17380183133161675,0.03972151025284677,0.015013070383294358,10.30605690184188,3.2227619512256322,2.7669,0.0,0.0,0.0
3.2124726600902407,-0.17182919010415798,0.03927067386531451,0.014842672856629385,10.3352109613526,3.2175879432971852,2.7669,0.0,0.0,0.0
3.207415435082517,-0.16987893824677142,0.03882495437505809,0.014674209308339129,10.364375061438535,3.2124726600902407,2.7669,0.0,0.0,0.0
3.2024156093165876,-0.16795082164467962,0.038384293738896055,0.01450765779741875,10.393548976578025,3.207415435082517,2.7669,0.0,0.0,0.0
3.1974725313116044,-0.16604459070751024,0.03794867321807681,0.014342996628332973,10.422732486290412,3.2024156093165876,2.7669,0.0,0.0,0.0
3.1925855569566863,-0.1641599942116141,0.03751796992109131,0.01418020460763656,10.451925375016435,3.1974725313116044,2.7669,0.0,0.0,0.0
3.1877540494991896,-0.16229678741616452,0.03709214632363061,0.014019260021092666,10.481127432031117,3.1925855569566863,2.7669,0.0,0.0,0.0
3.1829773793991807,-0.16045472781054343,0.036671153022690285,0.013860142091123294,10.51033845131882,3.1877540494991896,2.7669,0.0,0.0,0.0
3.1782549242573546,-0.15863357545792683,0.03625493713462743,0.013702830139073382,10.539558231471585,3.1829773793991807,2.7669,0.0,0.0,0.0
3.173586068737168,-0.1568330930870674,0.035843445054494695,0.013547303679176783,10.56878657558784,3.1782549242573546,2.7669,0.0,0.0,0.0
3.16897020448569,-0.15505304610150047,0.035436623357298754,0.013393542446492605,10.59802329117271,3.173586068737168,2.7669,0.0,0.0,0.0
3.1644067300546626,-0.15329320256191278,0.03503441908788966,0.013241526403575593,10.627268190040315,3.16897020448569,2.7669,0.0,0.0,0.0
3.159895050822224,-0.15155333315999617,0.03463677985018727,0.01309123574042111,10.65652108821812,3.1644067300546626,2.7669,0.0,0.0,0.0
3.155434578915447,-0.1498332111897932,0.03424365383090173,0.0129426508723968,10.685781805853379,3.159895050822224,2.7669,0.0,0.0,0.0
3.151024733133747,-0.14813261251848434,0.033854989802170034,0.012795752437681331,10.715050167121598,3.155434578915447,2.7669,0.0,0.0,0.0
3.146664938873149,-0.1464513155572422,0.033470737117477424,0.012650521294583082,10.744326000137002,3.151024733133747,2.7669,0.0,0.0,0.0
3.1423546280514123,-0.1447891012323478,0.03309084570564269,0.012506938518931669,10.773609136864968,3.146664938873149,2.7669,0.0,0.0,0.0
3.138093239034006,-0.14314575295662207,0.032715266064285264,0.012364985401511765,10.802899413036364,3.1423546280514123,2.7669,0.0,0.0,0.0
3.1338802165609283,-0.14152105660118391,0.03234394925327446,0.012224643445574517,10.832196668063776,3.138093239034006,2.7669,0.0,0.0,0.0
3.1297150116743504,-0.13991480046753524,0.03197684688821315,0.012085894364370601,10.861500744959564,3.1338802165609283,2.7669,0.0,0.0,0.0
3.1255970816470953,-0.13832677525987774,0.031613911131993015,0.011948720078759118,10.890811490255716,3.1297150116743504,2.7669,0.0,0.0,0.0
3.121525889911916,-0.13675677405822453,0.03125509469759525,0.011813102714804648,10.920128753925473,3.1255970816470953,2.7669,0.0,0.0,0.0
3.1175009059915717,-0.13520459229079781,0.030900350827054276,0.011679024601502703,10.94945238930666,3.121525889911916,2.7669,0.0,0.0,0.0
3.113521605429445,-0.1336700276969706,0.030549633040266297,0.011546468268380345,10.978782253026713,3.1175009059915717,2.7669,0.0,0.0,0.0
3.109587469721887,-0.13215288032833775,0.03020289577053052,0.011415416441867441,11.008118204929394,3.113521605429445,2.7669,0.0,0.0,0.0
3.1056979862502,-0.13065295250425868,0.029860093933461868,0.011285852047102057,11.037460108003009,3.109587469721887,2.7669,0.0,0.0,0.0
3.101852648213812,-0.1291700487849642,0.02952118289234499,0.011157758202377212,11.066807828310287,3.1056979862502,2.7669,0.0,0.0,0.0
3.0980509545642927,-0.12770397594803165,0.029186118496258493,0.011031118217026467,11.0961612349198,3.101852648213812,2.7669,0.0,0.0,0.0
3.094292409940081,-0.12625454296383445,0.028854857088686504,0.010905915589698938,11.125520199838892,3.0980509545642927,2.7669,0.0,0.0,0.0
3.090576524601946,-0.12482156097084773,0.028527355506493914,0.010782134006337468,11.154884597948083,3.094292409940081,2.7669,0.0,0.0,0.0
3.086902814369174,-0.1234048432510997,0.02820357107577031,0.010659757338068076,11.184254306936921,3.090576524601946,2.7669,0.0,0.0,0.0
3.083270800556481,-0.12200420520585797,0.027883461606741256,0.010538769639107161,11.213629207241253,3.086902814369174,2.7669,0.0,0.0,0.0
3.079680009911631,-0.1206194643315798,0.0275669853883936,0.010419155144669614,11.243009181981872,3.083270800556481,2.7669,0.0,0.0,0.0
3.0761299745537865,-0.11925044019613075,0.027254101183098088,0.01030089826892367,11.272394116904538,3.079680009911631,2.7669,0.0,0.0,0.0
3.0726202319125284,-0.11789695441527391,0.026944768221205524,0.010183983602931834,11.301783900321306,3.0761299745537865,2.7669,0.0,0.0,0.0
3.069150324667594,-0.11655883062942492,0.026638946195769828,0.0100683959126659,11.331178423053167,3.0726202319125284,2.7669,0.0,0.0,0.0
3.065719800689412,-0.11523589448586524,0.026336595379541323,0.00995412013699038,11.360577578373947,3.069150324667594,2.7669,0.0,0.0,0.0
3.06232821297971,-0.11392797359669256,0.02603767616668596,0.00984114138640469,11.389981261955445,3.065719800689412,2.7669,0.0,0.0,0.0
3.058975119613901,-0.11263489754197072,0.025742149664343204,0.009729444938330853,11.419389371813832,3.06232821297971,2.7669,0.0,0.0,0.0
3.055660083683184,-0.11135649783433933,0.025449977383230862,0.009619016239267033,11.448801808257178,3.058975119613901,2.7669,0.0,0.0,0.0
3.052382673237637,-0.11009260789821294,0.02516112125844789,0.009509840900466072,11.47821847383416,3.055660083683184,2.7669,0.0,0.0,0.0
3.049142461229942,-0.10884306304845455,0.024875543653035875,0.009401904696369931,11.507639273283921,3.052382673237637,2.7669,0.0,0.0,0.0
3.045939025459747,-0.10760770046903977,0.024593207355877018,0.009295193562851734,11.537064113487038,3.049142461229942,2.7669,0.0,0.0,0.0
3.04277194851865,-0.10638635919188136,0.024314075577745016,0.009189693595401947,11.566492903417572,3.045939025459747,2.7669,0.0,0.0,0.0
3.039640817735818,-0.10517888007586738,0.024038111946814888,0.00908539104733,11.595925554096189,3.04277194851865,2.7669,0.0,0.0,0.0
3.0365452251242084,-0.10398510578612888,0.023765280504011336,0.008982272327968773,11.625361978544321,3.039640817735818,2.7669,0.0,0.0,0.0
3.0334847673274137,-0.10280488077353968,0.023495545698374223,0.008880324000915934,11.654802091739342,3.0365452251242084,2.7669,0.0,0.0,0.0
3.030459045567096,-0.10163805125444889,0.023228872382402014,0.008779532782260164,11.684245810570749,3.0334847673274137,2.7669,0.0,0.0,0.0
3.02746766559104,-0.1004844651906425,0.02296522580752087,0.008679885538880262,11.713693053797309,3.030459045567096,2.7669,0.0,0.0,0.0
3.024510237621768,-0.09934397226953284,0.022704571619506956,0.008581369286697196,11.743143742005161,3.02746766559104,2.7669,0.0,0.0,0.0
3.021586376305756,-0.09821642388457302,0.02244687585405739,0.008483971189015806,11.772597797566858,3.024510237621768,2.7669,0.0,0.0,0.0
3.0186957006632293,-0.09710167311589289,0.022192104932347738,0.008387678554833944,11.802055144601312,3.021586376305756,2.7669,0.0,0.0,0.0
3.015837834038507,-0.09599957471115593,0.02194022565664497,0.008292478837184347,11.831515708934631,3.0186957006632293,2.7669,0.0,0.0,0.0
3.0130124040522355,-0.09490998511934284,0.021691206447348618,0.00819835963152169,11.860979418061842,3.015837834038507,2.7669,0.0,0.0,0.0
3.0102190425480297,-0.09383276227634609,0.021445012751312904,0.008105308680928718,11.890446201109297,3.0130124040522355,2.7669,0.0,0.0,0.0
3.0074573855509317,-0.09276776584544459,0.021201613071494062,0.008013313846720948,11.919915988798484,3.0102190425480297,2.7669,0.0,0.0,0.0
3.0047270732166127,-0.09171485706492605,0.020960975866875543,0.007922363147795777,11.949388713409913,3.0074573855509317,2.7669,0.0,0.0,0.0
3.002027749784438,-0.0906738987272652,0.020723069470266628,0.007832444734732817,11.978864308748182,3.0047270732166127,2.7669,0.0,0.0,0.0
2.9993590635323026,-0.08964475520891631,0.02048786319686212,0.0077435468894051325,12.00834271010783,3.002027749784438,2.7669,0.0,0.0,0.0
2.996720666729895,-0.0886272924163832,0.020255326499017283,0.007655658030749958,12.03782385423982,2.9993590635323026,2.7669,0.0,0.0,0.0
2.994112215593555,-0.0876213777751624,0.020025429107044333,0.007568766707138642,12.067307679318873,2.996720666729895,2.7669,0.0,0.0,0.0
2.9915333702415268,-0.08662688021454905,0.0197981410726803,0.007482861596412488,12.09679412491151,2.994112215593555,2.7669,0.0,0.0,0.0
2.988983794649694,-0.08564367015122104,0.01957343278063616,0.007397931504865552,12.126283131944803,2.9915333702415268,2.7669,0.0,0.0,0.0
2.986463156607796,-0.08467161947255798,0.019351274949685998,0.007313965365886307,12.155774642675825,2.988983794649694,2.7669,0.0,0.0,0.0
2.9839711276761443,-0.08371060152000621,0.01913163863039087,0.0072309522385218756,12.185268600661777,2.986463156607796,2.7669,0.0,0.0,0.0
2.9815073831429415,-0.08276049107717547,0.018914495309808217,0.007148881306043448,12.214764950730785,2.9839711276761443,2.7669,0.0,0.0,0.0
2.9790716019815373,-0.08182116433644712,0.018699816507591317,0.007067741875120256,12.244263638953342,2.9815073831429415,2.7669,0.0,0.0,0.0
2.9766634668091743,-0.0808924989054346,0.018487574298745302,0.006987523371995438,12.27376461261442,2.9790716019815373,2.7669,0.0,0.0,0.0
2.9742826638453344,-0.07997437377944788,0.01827774104251119,0.006908215344653443,12.303267820186162,2.9766634668091743,2.7669,0.0,0.0,0.0
2.9719288828708796,-0.07906666932672285,0.01807028940112978,0.0068298074593623696,12.332773211301214,2.9742826638453344,2.7669,0.0,0.0,0.0
2.9696018171876406,-0.07816926727315864,0.01786519234362334,0.006752289499574402,12.362280736726635,2.9719288828708796,2.7669,0.0,0.0,0.0
2.967301163578457,-0.07728205068701266,0.017662423144669807,0.00667565136466678,12.391790348338406,2.9696018171876406,2.7669,0.0,0.0,0.0
2.965026622267663,-0.07640490396369812,0.01746195538192044,0.006599883068658646,12.421301999096503,2.967301163578457,2.7669,0.0,0.0,0.0
2.9627778968820393,-0.07553771281073103,0.01726376293281658,0.006524974738916228,12.450815643020531,2.965026622267663,2.7669,0.0,0.0,0.0
2.9605546944120134,-0.07468036422626241,0.017067819816306236,0.006450916614849631,12.4803312351659,2.9627778968820393,2.7669,0.0,0.0,0.0
2.9583567251741427,-0.07383274651016265,0.01687410079466222,0.006377699045815326,12.50984873160055,2.9605546944120134,2.7669,0.0,0.0,0.0
2.956183702772453,-0.0729947492131938,0.01668258052457307,0.006305312493476027,12.539368089382142,2.9583567251741427,2.7669,0.0,0.0,0.0
2.954035344061621,-0.07216626314266611,0.016493234017056015,0.006233747524894324,12.568889266535837,2.956183702772453,2.7669,0.0,0.0,0.0
2.951911369110037,-0.0713471803461792,0.01630603658860186,0.006162994814909614,12.598412222032533,2.954035344061621,2.7669,0.0,0.0,0.0
2.9498115011633095,-0.07053739409689218,0.01612096384295377,0.006093045144398229,12.627936915767588,2.951911369110037,2.7669,0.0,0.0,0.0
2.9477354666081927,-0.06973679887940258,0.015937991663034428,0.006023889398923073,12.657463308540029,2.9498115011633095,2.7669,0.0,0.0,0.0
2.9456829949369405,-0.06894529037592946,0.01575709620621745,0.0059555185675025865,12.686991362032222,2.9477354666081927,2.7669,0.0,0.0,0.0
2.9436538187120553,-0.06816276545270002,0.015578253900714167,0.005887923741426272,12.71652103879,2.9456829949369405,2.7669,0.0,0.0,0.0
2.941647673517037,-0.06738912131733762,0.015401421915425963,0.00582109611308148,12.746052302203237,2.9436538187120553,2.7669,0.0,0.0,0.0
2.9396642979791943,-0.06662425855564995,0.015226609632639122,0.005755026860770359,12.775585116488505,2.941647673517037,2.7669,0.0,0.0,0.0
2.9377034336543555,-0.06586807712298658,0.015053785607433782,0.005689707602522228,12.805119446666064,2.9396642979791943,2.7669,0.0,0.0,0.0
2.9357648250383925,-0.06512047836499059,0.014882924481223251,0.00562512973853671,12.834655258545292,2.9377034336543555,2.7669,0.0,0.0,0.0
2.933848219529285,-0.06438136483014545,0.014714003065701498,0.005561284829837361,12.86419251870641,2.9357648250383925,2.7669,0.0,0.0,0.0
2.9319533673927043,-0.06365064019982158,0.014546999051669033,0.005498164552377563,12.893731194482973,2.933848219529285,2.7669,0.0,0.0,0.0
2.9300800217289886,-0.0629282092570659,0.014381890583105445,0.005435760681830204,12.923271253944849,2.9319533673927043,2.7669,0.0,0.0,0.0
2.9282279384408203,-0.06221397786818601,0.014218656116026223,0.005374065088253644,12.952812665881641,2.9300800217289886,2.7669,0.0,0.0,0.0
2.92639687620138,-0.061507852968595324,0.014057274370884052,0.0053130697338985185,12.98235539978647,2.9282279384408203,2.7669,0.0,0.0,0.0
2.9245865964228948,-0.06080974255012183,0.013897724315518929,0.0052527666719423575,13.011899425840147,2.92639687620138,2.7669,0.0,0.0,0.0
2.922796863225542,-0.06011955564887044,0.013739985157998546,0.005193148045475125,13.041444714895677,2.9245865964228948,2.7669,0.0,0.0,0.0
2.921027443406719,-0.05943720233334391,0.01358403634267844,0.0051342060865719455,13.070991238463138,2.922796863225542,2.7669,0.0,0.0,0.0
2.91927810641066,-0.05876259369273006,0.01342985754721428,0.005075933115338587,13.10053896869488,2.921027443406719,2.7669,0.0,0.0,0.0
2.9175486242983912,-0.058095641825327414,0.013277428679868333,0.005018321538953423,13.13008787837106,2.91927810641066,2.7669,0.0,0.0,0.0
2.915838771718036,-0.05743625982710039,0.013126729876935275,0.004961363850722138,13.159637940885514,2.9175486242983912,2.7669,0.0,0.0,0.0
2.914148325875448,-0.05678436178036193,0.012977741500164177,0.004905052629107809,13.189189130231926,2.915838771718036,2.7669,0.0,0.0,0.0
2.912477066505183,-0.056139862742582244,0.012830444134239664,0.004849380536792341,13.218741420990325,2.914148325875448,2.7669,0.0,0.0,0.0
2.9108247758418004,-0.05550267873532321,0.012684818584236798,0.004794340319711979,13.248294788313885,2.912477066505183,2.7669,0.0,0.0,0.0
2.909191238591483,-0.05487272673329768,0.012540845873140858,0.004739924806131832,13.277849207916002,2.9108247758418004,2.7669,0.0,0.0,0.0
2.9075762419039926,-0.054249924653551586,0.012398507239371272,0.004686126905710755,13.30740465605769,2.909191238591483,2.7669,0.0,0.0,0.0
2.905979575344557,-0.05363419133011494,0.012257783789208467,0.0046329396085723435,13.336961109535235,2.9075762419039926,2.7669,0.0,0.0,0.0
