x1,x2,x3,u,x,y
0.0,0.0,0.0,0.0,0.0,0.0
0.0,0.0,0.0,0.0,0.0205,0.0
0.0,0.0,0.0,0.0,0.0415,0.0
0.0,0.0,0.0,0.0,0.063,0.0
0.0,0.0,0.0,0.0,0.085,0.0
0.0,0.0,0.0,0.0,0.10750000000000001,0.0
0.0,0.0,0.0,0.0,0.1305,0.0
0.0,0.0,0.0,0.0,0.154,0.0
0.0,0.0,0.0,0.0,0.178,0.0
0.0,0.0,0.0,0.0,0.20249999999999999,0.0
0.0,0.0,0.0,0.0,0.22749999999999998,0.0
0.0,0.0,0.0,0.0,0.253,0.0
0.0,0.0,0.0,0.0,0.279,0.0
0.0,0.0,0.0,0.0,0.30550000000000005,0.0
0.0,0.0,0.0,0.0,0.3325000000000001,0.0
0.0,0.0,0.0,0.0,0.3600000000000001,0.0
0.0,0.0,0.0,0.0,0.3880000000000001,0.0
0.0,0.0,0.0,0.0,0.4165000000000001,0.0
0.0,0.0,0.0,0.0,0.4455000000000001,0.0
0.0,0.0,0.0,0.0,0.4750000000000001,0.0
0.0,0.0,0.0,0.0,0.5050000000000001,0.0
0.0,0.0,0.0,0.0,0.5355000000000001,0.0
0.0,0.0,0.0,0.0,0.5665000000000001,0.0
0.0,0.0,0.0,0.0,0.5980000000000001,0.0
0.0,0.0,0.0,0.0,0.6300000000000001,0.0
0.0,0.0,0.0,0.0,0.6625000000000001,0.0
0.0,0.0,0.0,0.0,0.6955000000000001,0.0
0.0,0.0,0.0,0.0,0.7290000000000001,0.0
0.0,0.0,0.0,0.0,0.7630000000000001,0.0
0.0,0.0,0.0,0.0,0.7975000000000001,0.0
0.0,0.0,0.0,0.0,0.8325000000000001,0.0
0.0,0.0,0.0,0.0,0.8680000000000001,0.0
0.0,0.0,0.0,0.0,0.9040000000000001,0.0
0.0,0.0,0.0,0.0,0.9405000000000001,0.0
0.0,0.0,0.0,0.0,0.9775000000000001,0.0
0.0,0.0,0.0,0.0,1.0150000000000001,0.0
0.0,0.0,0.0,0.0,1.0530000000000002,0.0
0.0,0.0,0.0,0.0,1.0915000000000001,0.0
0.0,0.0,0.0,0.0,1.1305,0.0
0.0,0.0,0.0,0.0,1.1700000000000002,0.0
0.0,0.0,0.0,0.0,1.2100000000000002,0.0
0.0,0.0,0.0,0.0,1.2500000000000002,0.0
0.0,0.0,0.0,0.0,1.2900000000000003,0.0
0.0,0.0,0.0,0.0,1.3300000000000003,0.0
0.0,0.0,0.0,0.0,1.3700000000000003,0.0
0.0,0.0,0.0,0.0,1.4100000000000004,0.0
0.0,0.0,0.0,0.0,1.4500000000000004,0.0
0.0,0.0,0.0,0.0,1.4900000000000004,0.0
0.0,0.0,0.0,0.0,1.5300000000000005,0.0
0.0,0.0,0.0,0.0,1.5700000000000005,0.0
0.0,0.0,0.0,0.0,1.6100000000000005,0.0
0.0,0.0,0.0,0.0,1.6500000000000006,0.0
0.0,0.0,0.0,0.0,1.6900000000000006,0.0
0.0,0.0,0.0,0.0,1.7300000000000006,0.0
0.0,0.0,0.0,0.0,1.7700000000000007,0.0
0.0,0.0,0.0,0.0,1.8100000000000007,0.0
0.0,0.0,0.0,0.0,1.8500000000000008,0.0
0.0,0.0,0.0,0.0,1.8900000000000008,0.0
0.0,0.0,0.0,0.0,1.9300000000000008,0.0
0.0,0.0,0.0,0.0,1.9700000000000009,0.0
0.0,0.0,0.0,0.0,2.0100000000000007,0.0
0.0,0.0,0.0,0.0,2.0500000000000007,0.0
0.0,0.0,0.0,0.0,2.0900000000000007,0.0
0.0,0.0,0.0,0.0,2.130000000000001,0.0
0.0,0.0,0.0,0.0,2.170000000000001,0.0
0.0,0.0,0.0,0.0,2.210000000000001,0.0
0.0,0.0,0.0,0.0,2.250000000000001,0.0
0.0,0.0,0.0,0.0,2.290000000000001,0.0
0.0,0.0,0.0,0.0,2.330000000000001,0.0
0.0,0.0,0.0,0.0,2.370000000000001,0.0
0.0,0.0,0.0,0.0,2.410000000000001,0.0
0.0,0.0,0.0,0.0,2.450000000000001,0.0
0.0,0.0,0.0,0.0,2.490000000000001,0.0
0.0,0.0,0.0,0.0,2.530000000000001,0.0
0.0,0.0,0.0,0.0,2.570000000000001,0.0
0.0,0.0,0.0,0.0,2.610000000000001,0.0
0.0,0.0,0.0,0.0,2.6500000000000012,0.0
0.0,0.0,0.0,0.0,2.6900000000000013,0.0
0.0,0.0,0.0,0.0,2.7300000000000013,0.0
0.0,0.0,0.0,0.0,2.7700000000000014,0.0
0.0,0.0,0.0,0.0,2.8100000000000014,0.0
0.0,0.0,0.0,0.0,2.8500000000000014,0.0
0.0,0.0,0.0,0.0,2.8900000000000015,0.0
0.0,0.0,0.0,0.0,2.9300000000000015,0.0
0.0,0.0,0.0,0.0,2.9700000000000015,0.0
0.0,0.0,0.0,0.0,3.0100000000000016,0.0
0.0,0.0,0.0,0.0,3.0500000000000016,0.0
0.0,0.0,0.0,0.0,3.0900000000000016,0.0
0.0,0.0,0.0,0.0,3.1300000000000017,0.0
0.0,0.0,0.0,0.0,3.1700000000000017,0.0
0.0,0.0,0.0,0.0,3.2100000000000017,0.0
0.0,0.0,0.0,0.0,3.2500000000000018,0.0
0.0,0.0,0.0,0.0,3.290000000000002,0.0
0.0,0.0,0.0,0.0,3.330000000000002,0.0
0.0,0.0,0.0,0.0,3.370000000000002,0.0
0.0,0.0,0.0,0.0,3.410000000000002,0.0
0.0,0.0,0.0,0.0,3.450000000000002,0.0
0.0,0.0,0.0,0.0,3.490000000000002,0.0
0.0,0.0,0.0,0.0,3.530000000000002,0.0
0.0,0.0,0.0,0.0,3.570000000000002,0.0
0.0,0.0,0.0,0.0,3.610000000000002,0.0
0.0,0.0,0.0,0.0,3.650000000000002,0.0
0.0,0.0,0.0,0.0,3.690000000000002,0.0
0.0,0.0,0.0,0.0,3.730000000000002,0.0
0.0,0.0,0.0,0.0,3.7700000000000022,0.0
0.0,0.0,0.0,0.0,3.8100000000000023,0.0
0.0,0.0,0.0,0.0,3.8500000000000023,0.0
0.0,0.0,0.0,0.0,3.8900000000000023,0.0
0.0,0.0,0.0,0.0,3.9300000000000024,0.0
0.0,0.0,0.0,0.0,3.9700000000000024,0.0
0.0,0.0,0.0,0.0,4.0100000000000025,0.0
0.0,0.0,0.0,0.0,4.0500000000000025,0.0
0.0,0.0,0.0,0.0,4.0900000000000025,0.0
0.0,0.0,0.0,0.0,4.130000000000003,0.0
0.0,0.0,0.0,0.0,4.170000000000003,0.0
0.0,0.0,0.0,0.0,4.210000000000003,0.0
0.0,0.0,0.0,0.0,4.250000000000003,0.0
0.0,0.0,0.0,0.0,4.290000000000003,0.0
0.0,0.0,0.0,0.0,4.330000000000003,0.0
0.0,0.0,0.0,0.0,4.370000000000003,0.0
0.0,0.0,0.0,0.0,4.410000000000003,0.0
0.0,0.0,0.0,0.0,4.450000000000003,0.0
0.0,0.0,0.0,0.0,4.490000000000003,0.0
0.0,0.0,0.0,0.0,4.530000000000003,0.0
0.0,0.0,0.0,0.0,4.570000000000003,0.0
0.0,0.0,0.0,0.0,4.610000000000003,0.0
0.0,0.0,0.0,0.0,4.650000000000003,0.0
0.0,0.0,0.0,0.0,4.690000000000003,0.0
0.0,0.0,0.0,0.0,4.730000000000003,0.0
0.0,0.0,0.0,0.0,4.770000000000003,0.0
0.0,0.0,0.0,0.0,4.810000000000003,0.0
0.0,0.0,0.0,0.0,4.850000000000003,0.0
3.5247757781793683e-06,0.00024255863964967484,0.008140505773521465,0.004469353681971707,4.890000000000003,0.0
3.7091614823268964e-05,0.0017316301588200804,0.04445510822414419,0.023030242531726346,4.929999998823309,3.5247757781793683e-06
0.00017286522293548376,0.005471980773421607,0.0953872212092527,0.044851547010477326,4.969999938852464,3.7091614823268964e-05
0.0005138885206620642,0.012082606835625676,0.15718210760577048,0.07016458466250153,5.009999340002486,0.00017286522293548376
0.0008452603821855368,0.021473343773546184,0.20858529249193772,0.0879351636632344,5.029997880126367,0.0005138885206620642
0.0013847455084521083,0.03269060262654581,0.2350312303533469,0.0937610530245363,5.049993269258618,0.0008452603821855368
0.002160255013781691,0.04501766905581006,0.2543459726748718,0.09989261388310966,5.069982583455306,0.0013847455084521083
0.003188422235270685,0.05782298307515269,0.2572997875074174,0.09824776899114838,5.08996232097236,0.002160255013781691
0.004476781977543216,0.07113524885399182,0.2723109304153809,0.10598967639929817,5.109928895313416,0.003188422235270685
0.006036386442509763,0.08485301346892016,0.2757415400785924,0.10533439791733362,5.129878314411742,0.004476781977543216
0.0078712107242211,0.09862439982140472,0.2752149096883053,0.10446508088747332,5.149806357262834,0.006036386442509763
0.009981017339403073,0.11234494166222618,0.273865744655985,0.10381338774609654,5.169709168356623,0.0078712107242211
0.01236537916982654,0.12611094723273847,0.27630612912762664,0.10538145367227222,5.1895830871911,0.009981017339403073
0.01502646771287176,0.14002467676872088,0.27960940639551923,0.1067822577319816,5.209424258149516,0.01236537916982654
0.01796659853208836,0.15398139741673827,0.2788122884905834,0.10578598269265217,5.2292285091982755,0.01502646771287176
0.021185266000871634,0.16787117326235512,0.2771063257041925,0.10498411304335714,5.24899187460145,0.01796659853208836
0.024681720477770095,0.18179198021906473,0.27930416020957544,0.10647938000835405,5.268710728466634,0.021185266000871634
0.02845824767632536,0.19589958040962752,0.2840828468854088,0.10873130219828629,5.288381154383634,0.024681720477770095
0.032517796972318255,0.21003686139491548,0.281839026061831,0.10669112643328015,5.30799861366444,0.02845824767632536
0.036858660441519,0.2240194693891375,0.27816930178055066,0.10505587803924792,5.32755907826318,0.032517796972318255
0.04147691008392225,0.23775931874024195,0.27251027494544255,0.10256958392753766,5.347059326284146,0.036858660441519
0.046369731210682504,0.2515746122213119,0.2788794308764916,0.10702349327641415,5.366496689321198,0.04147691008392225
0.05154210530882381,0.2657169699224279,0.28553742913773844,0.10960171709066814,5.3858671224294286,0.046369731210682504
0.05699907035684787,0.27997332533876823,0.28484884353420764,0.10809762363325852,5.405165211865006,0.05154210530882381
0.06273997429489345,0.2940797820254015,0.2802851722109601,0.10570846383189876,5.424386468058249,0.05699907035684787
0.06876034785342341,0.3079061200258734,0.2739784109135163,0.10301774435027344,5.443527853682424,0.06273997429489345
0.07505523516286065,0.32157362127579436,0.27292401854611986,0.10350548864921404,5.462587258440736,0.06876034785342341
0.08162501265548654,0.3354734081854683,0.2814345906922709,0.10835636517792359,5.481562043128062,0.07505523516286065
0.0884754366627896,0.3495774182953478,0.28251787848961224,0.10751176831263078,5.500447134363941,0.08162501265548654
0.09560881279663497,0.3637813704147689,0.285137387508487,0.10876676284279553,5.519237484990114,0.0884754366627896
0.10302710243592149,0.37804980341386485,0.2855253399858874,0.10853671547220932,5.537928646118389,0.09560881279663497
0.11072993619093043,0.3921986036938935,0.28124766730613915,0.10612246295045268,5.55651637085783,0.10302710243592149
0.11871266173908651,0.4060034943905417,0.27260598442873973,0.10210146572952618,5.574997789686593,0.11072993619093043
0.1269692474852888,0.41966249230355196,0.2735692296090778,0.10409183611283528,5.59337192046355,0.11871266173908651
0.1355004032490401,0.43349516459082715,0.27874458087270737,0.10677037703789609,5.611636450675456,0.1269692474852888
0.14431046427092706,0.4475403167486088,0.28236664496139935,0.10788365781721188,5.629786514046194,0.1355004032490401
0.15340227825659847,0.46163378079693235,0.2815319836289706,0.10681284626732875,5.647816799143058,0.14431046427092706
0.16277432692293164,0.4755185695291582,0.2750946747602185,0.10341973407813229,5.665723318904399,0.15340227825659847
0.17242118196269687,0.48912677736268206,0.27017724786594693,0.10180863609782585,5.683504427709974,0.16277432692293164
0.18234007953787257,0.5028107890467425,0.2760554939295685,0.10586763065760406,5.701159297376773,0.17242118196269687
0.1925359619081285,0.5168390329042767,0.28362244931654756,0.10902793941987571,5.718683928035343,0.18234007953787257
0.20301506952920367,0.5310908721506229,0.28599571059216117,0.10905116164770612,5.736071637301981,0.1925359619081285
0.21377923891699321,0.5453015467071107,0.2830051294522457,0.1070078414793902,5.75331673900218,0.20301506952920367
0.22482494848244888,0.5592007105866037,0.2745780200129537,0.10288698174633422,5.770416157494905,0.21377923891699321
0.23614574129581997,0.5728591071682505,0.27221188723022066,0.10301310105341062,5.7873697457315565,0.22482494848244888
0.2477392764081531,0.5865031863789422,0.27333556510496343,0.10403024464801862,5.804176839138571,0.23614574129581997
0.2596069671962908,0.6003018589214066,0.27776191519256316,0.10627039472903298,5.820834460852465,0.2477392764081531
0.2717517747485493,0.6141737375493911,0.27721768690733256,0.10522294350824422,5.837337763551314,0.2596069671962908
0.2841733073695184,0.6279585372097424,0.27466450920391966,0.10391316480008743,5.853682761295306,0.2717517747485493
0.29687108889757785,0.6418676156594798,0.2805663720997839,0.10758530743254943,5.869867332111767,0.2841733073695184
0.3098476201364407,0.65574382641529,0.27546160024391075,0.10378447860734256,5.885886912674262,0.29687108889757785
0.3230992484676669,0.669382025431585,0.27093499755649914,0.1021626017571694,5.901738804674647,0.3098476201364407
0.33662320964313613,0.6830460586152917,0.2748708536575007,0.10508915553389067,5.917422910069365,0.3230992484676669
0.35042012703041187,0.6965914285313833,0.2682200164416703,0.10077193879919914,5.9329359855486405,0.33662320964313613
0.3644871810660641,0.7101558377212722,0.2733684373542801,0.10472342549911022,5.948276657587827,0.35042012703041187
0.37882843128228677,0.724023626204659,0.2800593416577334,0.1075261568276261,5.9634418633176836,0.3644871810660641
0.39344909905660364,0.7380486033943433,0.2807980747244724,0.10680011159341954,5.9784247939808415,0.37882843128228677
0.40834980691491024,0.7519970201521998,0.2777277501672716,0.10498947897735687,5.993220453081077,0.39344909905660364
0.42352730513380893,0.765703555463802,0.27169168305583224,0.10219481835031313,6.007826976369446,0.40834980691491024
0.4389760970028835,0.7791331730733134,0.26649096745975204,0.10036030943956101,6.022244875184425,0.42352730513380893
0.4546924679470685,0.792521031010903,0.2686156326541276,0.10240642672192732,6.036475333032169,0.4389760970028835
0.4706787996899691,0.8061723922636642,0.27601848498302056,0.10611144050053926,6.050516378197034,0.4546924679470685
0.4869391456350655,0.8198202646334769,0.27088202922391974,0.10203934136150722,6.064361691449119,0.4706787996899691
0.5034719571891305,0.8334970838199889,0.27533602011332287,0.10535347079585596,6.0780087436297405,0.4869391456350655
0.5202790394757455,0.8471910417254546,0.2728915244046396,0.10325801353929003,6.091454564244712,0.5034719571891305
0.5373573770552721,0.8605700567473529,0.26397905612263367,0.09877829826865471,6.104696381338855,0.5202790394757455
0.5547014755581404,0.8738662435579024,0.26724242797157377,0.10207729351101318,6.117736488317084,0.5373573770552721
0.5723109171532103,0.8870212150849178,0.2602903042909573,0.09770848710456635,6.130573821385031,0.5547014755581404
0.5901830327411629,0.9002484419838358,0.26742909342599125,0.10280367240024185,6.143208300591339,0.5723109171532103
0.6083224048724294,0.9137144919782846,0.27060395792992464,0.10333935856531713,6.155636607347285,0.5901830327411629
0.6267323744247487,0.9272963518125967,0.2723376292201631,0.10375430565842883,6.167852785684608,0.6083224048724294
0.6454139153845512,0.9408366177684933,0.2697666035491012,0.10204943945484951,6.179852767543625,0.6267323744247487
0.6643645021454427,0.9541832089719833,0.2650098374887799,0.0998727074630972,6.191635011568606,0.6454139153845512
0.6835814048192893,0.9675344836022716,0.26839228435135226,0.10253426823870423,6.203200518025658,0.6643645021454427
0.703065624922484,0.9808622831498958,0.26531096069859006,0.10027048094653773,6.214547149629458,0.6835814048192893
0.7228153932354298,0.9941087277995382,0.2646697867024606,0.10043961848780224,6.225673273947143,0.703065624922484
0.7428300692086676,1.0073644086091884,0.26541460791676197,0.10095696218150278,6.236578278660742,0.7228153932354298
0.7631089568848701,1.0204825524525223,0.26029376758152034,0.09801950223431487,6.247260094146091,0.7428300692086676
0.7836474798085228,1.0333216679154196,0.2544013118332385,0.09565049633907047,6.257719188216433,0.7631089568848701
0.8044422968558886,1.0462044473033718,0.25986217389168637,0.09964520620896877,6.267958555167268,0.7836474798085228
0.8254970353301365,1.059296255432012,0.26317471778861806,0.10054028886155764,6.277975751297166,0.8044422968558886
0.8468150091273389,1.072518211903704,0.26529640023116485,0.1011449451043384,6.287765468820834,0.8254970353301365
0.868398326116141,1.0858245392559633,0.26668928939238506,0.10155086249618571,6.297323743466523,0.8468150091273389
0.8902469635194934,1.098994020278709,0.2611521685643577,0.09827525641478664,6.306647411474634,0.868398326116141
0.9123565533469791,1.1119321934345379,0.2571440679427438,0.09701109120766639,6.315737260040384,0.8902469635194934
0.9347234042138601,1.1247388320479195,0.25544721651663704,0.09675737632489775,6.324595860533499,0.9123565533469791
0.9573455455675587,1.137461470695356,0.2537786446093705,0.09612826850777706,6.333224103442914,0.9347234042138601
0.9802226835676765,1.1502905708147881,0.2584826848679865,0.09899317569647637,6.3416220984173535,0.9573455455675587
1.0033571575740716,1.163134839342139,0.2558023904255299,0.09672599754045637,6.3497865424389826,0.9802226835676765
1.026747804750654,1.17592841689385,0.2559184064235533,0.09724302866294857,6.357715813268234,1.0033571575740716
1.0503933729874912,1.1885921753596236,0.25148306340603443,0.09478824612080763,6.365409538603115,1.026747804750654
1.0742912636889583,1.201208024802898,0.2528821254438202,0.09630660313821733,6.372868868287653,1.0503933729874912
1.0984413020672532,1.2137744019127699,0.2502736466323165,0.09463774870978328,6.380093499568028,1.0742912636889583
1.122842234501754,1.2263300471913956,0.2516816641234694,0.09585206123658276,6.387083209652121,1.0984413020672532
1.147495074113345,1.238968593254634,0.2535094451978715,0.09661737082228299,6.393837096810901,1.122842234501754
1.172400094514933,1.2514917071554759,0.24839626151693495,0.0935009352101611,6.400352528800969,1.147495074113345
1.1975550076604373,1.264032633426223,0.25246069070757066,0.0965972714524128,6.40663065689991,1.172400094514933
1.222959961814716,1.27639013467733,0.24354915896460322,0.09101713912586255,6.412670156916592,1.1975550076604373
1.248609666538033,1.2885842832035956,0.2441092766896128,0.09283184885257124,6.41847358976148,1.222959961814716
1.2745036863817327,1.300827815356805,0.24538676082593605,0.09343851148391782,6.424043207106098,1.248609666538033
1.300643421671354,1.3131637526751139,0.24762179270325552,0.09444954209500987,6.429377228882039,1.2745036863817327
1.3270299097720835,1.325462364983318,0.2448538507489195,0.09255182381154467,6.4344730684211315,1.300643421671354
1.3536608451863121,1.3376032261072035,0.2414362245196876,0.09114362098347481,6.439330674422629,1.3270299097720835
1.380533677185279,1.3496786351587682,0.2415569549417159,0.09178790565781125,6.443952381840056,1.3536608451863121
1.4076487510702906,1.3618557854358406,0.24488972096284498,0.09359724311862788,6.448338786619268,1.380533677185279
1.4350091865575336,1.3742205667755163,0.24892669853905722,0.09525006553495334,6.452487258614129,1.4076487510702906
1.4626163019530738,1.386424703720188,0.24079829048397805,0.09010453847135125,6.456393502403218,1.4350091865575336
1.4904639841744123,1.3982978616822086,0.23520168027886218,0.08840660100031368,6.460060079259087,1.4626163019530738
1.5185468431180813,1.4099615766326405,0.23196734107648645,0.08757739889668706,6.463492964611391,1.4904639841744123
1.5468611929352334,1.4214407037075785,0.22796577685724168,0.08592736841281762,6.46669580939432,1.5185468431180813
1.575402145243125,1.4325850533173121,0.21944335175816404,0.0819251518664768,6.4696718285990835,1.5468611929352334
1.6041464505930783,1.44120135101737,0.14037778009732071,0.03995748965171532,6.472427261933811,1.575402145243125
1.6330169853860979,1.4449609924033264,0.03099413128629794,-0.0067249860208889395,6.475011912442066,1.6041464505930783
1.6619079314205414,1.4432390975718528,-0.07880409385428148,-0.04850745230578462,6.477521982574577,1.6330169853860979
1.6907130618684374,1.4365119613316368,-0.17233650836438483,-0.08128939279470884,6.480066214571365,1.6619079314205414
1.7193456851403568,1.4263195968382216,-0.22521327657620255,-0.09450135571277216,6.4827438376391395,1.6907130618684374
1.7477514032906958,1.4139486599736184,-0.2624751107585749,-0.10601625983022825,6.485623330262221,1.7193456851403568
1.7758945412238687,1.4001921642266055,-0.2837107327247643,-0.11137315593107176,6.488747437279421,1.7477514032906958
1.8037522740141942,1.3854210327850058,-0.3033639372932175,-0.11857181804101566,6.49214299271098,1.7758945412238687
1.831308107095061,1.3701283493199112,-0.3075415592095452,-0.11754164140000468,6.495829300924027,1.8037522740141942
1.8585566434755751,1.354716080596881,-0.3087224221562446,-0.11748339776546811,6.499815779900463,1.831308107095061
1.8854968399411625,1.3393130616636333,-0.30761156692134645,-0.1166737346807827,6.504103833473462,1.8585566434755751
1.9121287542459646,1.3238582836165114,-0.3101017042468394,-0.11822879830140444,6.5086922630261625,1.8854968399411625
1.9384498687234792,1.3082156693082747,-0.3147171681711705,-0.12034167797494005,6.513580983748449,1.9121287542459646
1.9644572612815538,1.2925404042527642,-0.3126836317832558,-0.11844457353423299,6.518772456040547,1.9384498687234792
1.9901522080852114,1.2769726805553103,-0.310453306581518,-0.11756398382748737,6.524266037520109,1.9644572612815538
2.0155366818328933,1.2614845774256824,-0.3092934904174211,-0.11730440798149254,6.53005831974853,1.9901522080852114
2.040613207577706,1.2462238305204054,-0.30244951564855294,-0.11374306012273003,6.536146382149801,2.0155366818328933
2.0653860377835063,1.2310436682420935,-0.30438548723663683,-0.11596347580007162,6.542524454799301,2.040613207577706
2.0898540721563665,1.2157356801594108,-0.3073627324230036,-0.11727064511486812,6.549189532792078,2.0653860377835063
2.1140144267563827,1.2002745020474674,-0.31048522565210945,-0.11848144467344968,6.556142477386105,2.0898540721563665
2.1378650320732526,1.1847999387185482,-0.308817504224162,-0.11703766574224833,6.563384515269913,2.1140144267563827
2.161407539629951,1.1694855230974774,-0.3045736592212067,-0.11498972184973415,6.570914163291447,2.1378650320732526
2.1846470768469897,1.1545478066629695,-0.2948085617172939,-0.11034622504556736,6.578726670042825,2.161407539629951
2.207590976846151,1.1398557191344676,-0.29318640506759946,-0.11110711554977433,6.586813313182651,2.1846470768469897
2.2302397209739637,1.1249519087419704,-0.3013917439569304,-0.11588645705199124,6.595167825143424,2.207590976846151
2.252588995797559,1.1100108356940463,-0.2970789348024852,-0.11213081501021319,6.603792223293098,2.2302397209739637
2.2746397379803365,1.0950283407114871,-0.3013928991143911,-0.11522881792262232,6.612685259517072,2.252588995797559
2.296390652075574,1.0801024905297876,-0.2965671036841526,-0.11184964553920997,6.6218456850506,2.2746397379803365
2.3178452732555668,1.0653919532554803,-0.29261281470827694,-0.11049487460366289,6.63127044443811,2.296390652075574
2.3390071082888806,1.0508033947184183,-0.29120066022402374,-0.11038825586822071,6.640953670401281,2.3178452732555668
2.359877787521211,1.0362731103156446,-0.29020216952704986,-0.11007895047212071,6.650891150484315,2.3390071082888806
2.3804566682487325,1.021559352943253,-0.2970367916757632,-0.11400019624731923,6.6610797668760995,2.359877787521211
2.400740855815623,1.006916658065399,-0.2900177218279362,-0.10899060962272829,6.671520498442795,2.3804566682487325
2.4207330727812573,0.9922634936562497,-0.29512821140045403,-0.1129835494137681,6.682209883666353,2.400740855815623
2.4404308413186375,0.9775173692353105,-0.29478308320021107,-0.11192969895559829,6.693145806008737,2.4207330727812573
2.459835724006297,0.9630434841574337,-0.2858804180845492,-0.10710028342259634,6.704327458936322,2.4404308413186375
2.4789544898655285,0.948864723584639,-0.282011920936635,-0.10648211464474684,6.715747941679606,2.459835724006297
2.4977908767589,0.9347787869128459,-0.2815200786934581,-0.10686625790532275,6.727400064996649,2.4789544898655285
2.516343659491297,0.9204230556106855,-0.2909079781188966,-0.11210368497864859,6.739279992990435,2.4977908767589
2.5346074017670177,0.9059790193448716,-0.28750605281633795,-0.10864821060085897,6.751389663364647,2.516343659491297
2.5525837894227927,0.8916810931666288,-0.2849095503385329,-0.1077979219292829,6.76372797053659,2.5346074017670177
2.5702753406795638,0.8774888390605543,-0.2831234754125477,-0.1072564959742119,6.776290066692628,2.5525837894227927
2.5876842774607343,0.8634321782517971,-0.2797836179815773,-0.10572495712704025,6.789071758344981,2.5702753406795638
2.60481244628996,0.8493629962382546,-0.28246842253659993,-0.10776384609580635,6.8020684099390785,2.5876842774607343
2.621658372068495,0.8352271207911369,-0.2828862921790024,-0.10753919549024704,6.8152776415469765,2.60481244628996
2.6382205150619904,0.8209513308896862,-0.28729857135254616,-0.10989099253192576,6.8286978275769785,2.621658372068495
2.6544964290593422,0.8066605294883469,-0.28481097799918614,-0.10777892551965906,6.842328334318267,2.6382205150619904
2.6704885852624596,0.7926060371986094,-0.278566775079555,-0.1047714439437579,6.856166600707374,2.6544964290593422
2.6862004402808157,0.7785426312119633,-0.2830996248986527,-0.10831619964659499,6.87020643512015,2.6704885852624596
2.701630540908457,0.7644976189154074,-0.27940890305512517,-0.10552325140840904,6.884445189523377,2.6862004402808157
2.7167815234178567,0.7506284494755143,-0.276009904091602,-0.10428131677559464,6.898879793200912,2.701630540908457
2.7316554885778723,0.7367457513711596,-0.2787686598169703,-0.10637080047843628,6.913505000178732,2.7167815234178567
2.7462514569147656,0.7228678485282806,-0.27673723428978286,-0.10478889705521025,6.9283181790813595,2.7316554885778723
2.760569713983149,0.7089305300172095,-0.2801087552090251,-0.10698350438940714,6.943316411576164,2.7462514569147656
2.774608761285467,0.6949929561426572,-0.2778312717523112,-0.10516289120470973,6.958497582752469,2.760569713983149
2.7883698881213967,0.6811272889711858,-0.27696209781581854,-0.1050709107764687,6.973858747003603,2.774608761285467
2.8018537004584534,0.6672449619610008,-0.2781104632107791,-0.1058484163525777,6.98939601487156,2.7883698881213967
2.815060596965672,0.6534844280487659,-0.2732446118470946,-0.10298264954652309,7.005106605452346,2.8018537004584534
2.827994135773313,0.6398875128043362,-0.2710526348396729,-0.10260215421806834,7.020986010284593,2.815060596965672
2.8406568404463655,0.6264013155570531,-0.2688231100879494,-0.10174880478199493,7.0370292688775935,2.827994135773313
2.8530484839126378,0.6126889193841514,-0.2779261867042643,-0.10712373172709871,7.053232117230085,2.8406568404463655
2.8651621559236293,0.598635383097692,-0.2832029151066436,-0.10848120921068011,7.069594210472887,2.8530484839126378
2.8769955910741905,0.5847958252703718,-0.27244356506146594,-0.10168163793780072,7.08611631781033,2.8651621559236293
2.8885554964378137,0.5712032099541374,-0.2714513065329178,-0.1029565517563381,7.102792814083695,2.8769955910741905
2.8998432334366058,0.5575480668569482,-0.27422260859270386,-0.10464588546494104,7.119617835588703,2.8885554964378137
2.9108579675710153,0.5439587775112518,-0.2701337648792638,-0.10193222144788425,7.136588935506997,2.8998432334366058
2.921600788648619,0.530274985980247,-0.276077581043252,-0.1058871129921462,7.153702267821332,2.9108579675710153
2.9320685007613814,0.5165061913293079,-0.2749002552023784,-0.10423545352113171,7.1709556282876035,2.921600788648619
2.9422611688733062,0.5027645760586092,-0.27478622484407766,-0.10437199847286713,7.1883466259612305,2.9320685007613814
2.9521789004106678,0.48900306255981685,-0.2755314089073739,-0.10480039585734813,7.20587170199294,2.9422611688733062
2.9618224022628126,0.47539261848450554,-0.26995592957855447,-0.1016133178398952,7.223527734085587,2.9521789004106678
2.9711943361576165,0.46176551071429706,-0.27429558068000404,-0.10493887371829508,7.241309995956743,2.9618224022628126
2.9802931311523455,0.4481380007754286,-0.2713668160115602,-0.10259690091689219,7.259215342082408,2.9711943361576165
2.9891212723257903,0.43471630453611176,-0.2664454057962576,-0.10039023591566643,7.277240451010984,2.9802931311523455
2.997682420578774,0.42140206017766846,-0.2661761091310981,-0.10107474043432116,7.295380242171447,2.9891212723257903
3.0059763071135794,0.4079465720379913,-0.27109879986207924,-0.10382301546067992,7.313630568938324,2.997682420578774
3.0139991641160395,0.3943196157088579,-0.2735156517933003,-0.10431736521449067,7.331989317022956,3.0059763071135794
3.021749491377781,0.38073935686904914,-0.27030963384624074,-0.10214843611241645,7.350454480385989,3.0139991641160395
3.0292287881223268,0.3671780711426257,-0.27184663099399603,-0.10353453008711787,7.369022283169548,3.021749491377781
3.036436058238935,0.35353542901360063,-0.2735349486130114,-0.10420149693742718,7.387689164871226,3.0292287881223268
3.0433702368847606,0.3398919043763532,-0.2724200619265954,-0.10330379690942396,7.406452255947039,3.036436058238935
3.0500314384460254,0.3262125039622617,-0.27437989903895044,-0.10456838743804144,7.425308070117351,3.0433702368847606
3.0564198040188004,0.3126732802367478,-0.2683466402735502,-0.10092449103741073,7.444253327452149,3.0500314384460254
3.0625394138118747,0.2993000587217247,-0.26686650256432337,-0.10113219195662795,7.463283620667028,3.0564198040188004
3.068392012446511,0.2859632269951937,-0.26664862453037513,-0.10126294858069355,7.482394482704663,3.0625394138118747
3.0739781284603565,0.27265564463769515,-0.265814628710308,-0.10084193215003352,7.501582290485909,3.068392012446511
3.0792966304622253,0.259130529210409,-0.2736807952149865,-0.10530170505477272,7.520843473582282,3.0739781284603565
3.0843417986661286,0.24536385362023572,-0.2764540452575901,-0.10549393779357571,7.540175736319308,3.0792966304622253
3.0891107170158065,0.23152399252811146,-0.27702987648309657,-0.10534104208583035,7.559576716434503,3.0843417986661286
3.093603834407601,0.2178312254362124,-0.2717027838251715,-0.10231894575134667,7.579043073002535,3.0891107170158065
3.0978263822305045,0.20449041286332795,-0.26350293539023223,-0.09871795052637201,7.598570441896709,3.093603834407601
3.1017845706999476,0.1913342169724344,-0.26286687933486164,-0.09975555966290503,7.6181537337487155,3.0978263822305045
3.1054787396345636,0.178042074451046,-0.26786058678864894,-0.10260482782141829,7.637788761396697,3.1017845706999476
3.1089046154114377,0.1645066598125258,-0.2726390452480727,-0.10438376292839951,7.657472608064133,3.1054787396345636
3.1120585042983535,0.1508863914391256,-0.27224702100583686,-0.1033603148737981,7.6772025934157195,3.1089046154114377
3.114940710534005,0.1373570998122599,-0.26945955156324025,-0.10189622467175057,7.696975357992488,3.1120585042983535
3.1175526053214964,0.12381314119207251,-0.2718414353076047,-0.10367546676876112,7.716786984712863,3.114940710534005
3.1198927465498767,0.11019405716643879,-0.2727480681438385,-0.10377030541697345,7.736633883506434,3.1175526053214964
3.121960958611712,0.09665385198583551,-0.2694858897839644,-0.1018259892380493,7.756512579025944,3.1198927465498767
3.1237597742787133,0.08324610488624057,-0.2672525785377584,-0.10115151893829843,7.776419232059222,3.121960958611712
3.125290563876103,0.06981404872487224,-0.26958241541285693,-0.10280843990170117,7.796349972929948,3.1237597742787133
3.1265514659804112,0.05625426480768312,-0.27228947101125056,-0.10390061843787629,7.816301252709313,3.125290563876103
3.127540307351553,0.04262738960376822,-0.27270557391083744,-0.1036712417976392,7.8362696156306155,3.1265514659804112
3.1282557741338812,0.028892072936530927,-0.27606303858874126,-0.10544415944227835,7.856251447438531,3.127540307351553
3.1286968433542452,0.015262336183476796,-0.27024297467525715,-0.10168099261846768,7.876243100500405,3.1282557741338812
3.1288687097248222,0.001989894255906095,-0.2621981690857779,-0.09824849227449932,7.896240771156564,3.1286968433542452
3.1287761687283964,-0.01129053791107829,-0.2679211996223355,-0.10275115601517654,7.916240731559785,3.1288687097248222
3.128416888951502,-0.02461867931822029,-0.2656418914219012,-0.10053183479198571,7.936239456810864,3.1287761687283964
3.127789024928439,-0.03826811812274116,-0.27797043276160355,-0.10768602199908658,7.956233396323254,3.128416888951502
3.1268860584602396,-0.05197645833348343,-0.2715877956144818,-0.10209671715304365,7.976218753621696,3.127789024928439
3.125720446809964,-0.06421924951173208,-0.22673018172933251,-0.07854819111553674,7.996191744180926,3.1268860584602396
3.1243348569242495,-0.07388214178864393,-0.17056181925751698,-0.055296902935782696,8.016150517232482,3.125720446809964
3.1227856292101475,-0.08052524297497304,-0.1072995349497285,-0.030063800171080304,8.03609595634921,3.1243348569242495
3.1210873669302517,-0.08488367170995154,-0.07351875347771256,-0.022216555972487912,8.056529528029778,3.1227856292101475
3.1192697067314006,-0.0881015891568113,-0.05814709638384433,-0.01949033675743805,8.077453918448796,3.1210873669302517
3.117346461497762,-0.09072817319127728,-0.048724063995385175,-0.01691660642787979,8.09887053208842,3.1192697067314006
3.115325097427345,-0.09298244341631703,-0.042618228070087166,-0.0151580022179025,8.120780046568518,3.117346461497762
3.113210035028422,-0.0949891189657762,-0.038448845827594925,-0.013901541199313035,8.143182852108943,3.115325097427345
3.1110039265066574,-0.09682186769964293,-0.03543859872343397,-0.012954020189837372,8.166079166380273,3.113210035028422
3.108708379650191,-0.09852498738691114,-0.033129322261415406,-0.012195254774365989,8.18946910233304,3.1110039265066574
3.106324392105087,-0.10012524590094284,-0.031243086817744757,-0.011550202471939178,8.21335271045409,3.108708379650191
3.103852620386188,-0.10163870364073754,-0.029608697862555846,-0.010971944125496602,8.23773000597091,3.106324392105087
3.10129354984913,-0.10307478818524042,-0.028120294167775402,-0.01043116222883133,8.26260098677094,3.103852620386188
3.0986476045154214,-0.10443883197521324,-0.02671183166476361,-0.00990958824031224,8.287965645409004,3.10129354984913
3.0959152173083377,-0.10573361319890144,-0.025342320200861107,-0.009395898162269777,8.313823977144336,3.0986476045154214
3.093096875874633,-0.10696032722601857,-0.023986514635932977,-0.008883145595638225,8.340175985435689,3.0959152173083377
3.0901931525881223,-0.10811920071714225,-0.022629022048173165,-0.008367148936345369,8.367021685718912,3.093096875874633
3.0872047241545135,-0.10920987614466632,-0.02126067394655127,-0.007845477727559459,8.394361108015138,3.0901931525881223
3.084132384483808,-0.11023165516826008,-0.019876249183116264,-0.007316816016195405,8.422194298747078,3.0872047241545135
3.080977053120792,-0.11118365337004771,-0.0184730431137653,-0.006780561891513853,8.450521322003501,3.084132384483808
3.0777397807020854,-0.11206489923525631,-0.01704996835292063,-0.006236575371775471,8.479342260408682,3.080977053120792
3.0744217523853665,-0.11287439820798055,-0.015606985418997374,-0.005685019478539091,8.508657215698788,3.0777397807020854
3.071024289878758,-0.11361117581274842,-0.014144715130633,-0.005126259817363843,8.538466309070634,3.0744217523853665
3.0675488522623735,-0.11427430033956644,-0.012664334478229537,-0.004560800759529555,8.568769681341028,3.071024289878758
3.063997036313485,-0.11486290882086975,-0.011167271422293061,-0.00398924558114455,8.599567492966157,3.0675488522623735
3.0603705759216133,-0.11537621687472391,-0.009655195197888827,-0.0034122692188616535,8.630859923896907,3.063997036313485
3.0566713410530943,-0.11581352878987054,-0.008129949913501622,-0.0028306018123298885,8.66264717331683,3.0603705759216133
3.0529013362228814,-0.1161742450172951,-0.006593513439714947,-0.0022450171582709803,8.69492945925732,3.0566713410530943
3.0490626985182487,-0.11645786808089134,-0.005047968764265829,-0.0016563247208394574,8.727707018095948,3.0529013362228814
3.045157695194752,-0.11666400724359524,-0.0034954865963808604,-0.001065363805063116,8.760980103942106,3.0490626985182487
3.0411887208671384,-0.11679238247362181,-0.0019383105353873646,-0.0004729990663435282,8.79474898791417,3.045157695194752
3.0371582943026576,-0.11684282775990586,-0.00037874602432534876,0.00011988321312254696,8.829013957311535,3.0411887208671384
3.03306905482624,-0.11681529392388974,0.0011808489534779253,0.000712378388766653,8.863775314685645,3.0371582943026576
3.0289237583449786,-0.11670985098681742,0.0027380720644606883,0.0013035664717002194,8.89903337681449,3.03306905482624
3.0247252730003718,-0.11652669017428541,0.00429048525178698,0.0018925150257958444,8.934788473585645,3.0289237583449786
3.020476574453314,-0.11626612547474183,0.005835621718570123,0.0024782820264669936,8.97104094679336,3.0247252730003718
3.01618074081335,-0.11592859484867829,0.007370993517055907,0.0030599187102056235,9.007791148856356,3.020476574453314
3.011840947221638,-0.11551466107253187,0.008894099458929756,0.003636472453661286,9.045039441463208,3.01618074081335
3.00746046009648,-0.11502501213698417,0.010402431568497681,0.0042069896892135885,9.082786194153003,3.011840947221638
3.0030426310602265,-0.11446046138291914,0.01189348448318679,0.004770518849143685,9.121031782839832,3.00746046009648
2.998590890554402,-0.11382194713735012,0.013364762367117557,0.005326113362503997,9.15977658828949,3.0030426310602265
2.9941087411154075,-0.11311053057774972,0.014813753423051452,0.005872834661888102,9.199020994558254,2.998590890554402
2.989599750601877,-0.11232739988725551,0.016238061397127614,0.006409755036365185,9.238765387409774,2.9941087411154075
2.985126125431395,-0.11129303822408304,0.02370397009286592,0.010267825734295976,9.278513303736084,2.989599750601877
2.9807009974063066,-0.10990900463408597,0.030377075392776877,0.012668848635051235,9.318265836517517,2.985126125431395
2.976337027487896,-0.10825163132622535,0.03502600576616413,0.014092618736410793,9.358024479843849,2.9807009974063066
2.972043229985908,-0.106414907331711,0.037892960117979685,0.014880401491411534,9.39779034030955,2.976337027487896
2.9678252097905435,-0.10447329209577357,0.03946919750429483,0.015260937632728476,9.43756407130547,2.972043229985908
2.9636860555928384,-0.10247871764985259,0.04017787611283519,0.015383418877231624,9.47734597640801,2.9678252097905435
2.959627154333153,-0.10046546760729866,0.040324108093902564,0.015343852390131524,9.517136122408322,2.9636860555928384
2.9556487729309517,-0.09845553362560729,0.040113676181221074,0.015203585531908445,9.556934425939094,2.959627154333153
2.9517504801394123,-0.09646274139203691,0.03968114764175183,0.015001686904698113,9.596740712652785,2.9556487729309517
2.947931407276855,-0.09449561112078263,0.03911301550492493,0.014762957170901923,9.636554755705413,2.9517504801394123
2.9441904165640347,-0.09255927602403002,0.038464715037171034,0.01450311052129988,9.67637630014636,2.947931407276855
2.94052621139307,-0.09065670012406749,0.03777140982880621,0.014232088154783907,9.716205078048622,2.9441904165640347
2.9369374059374604,-0.08878946821040479,0.03705521205592445,0.013956158668777191,9.756040817848902,2.94052621139307
2.9334225697209155,-0.0869583076086072,0.03633023902015007,0.013679257666255318,9.795883250012835,2.9369374059374604
2.929980254930871,-0.08516339558648664,0.03560526832456781,0.013403841724586675,9.83573211034361,2.9334225697209155
2.9266090140016945,-0.08340456921441573,0.03488576528133704,0.01313142701049812,9.875587141915403,2.929980254930871
2.923307410434925,-0.08168145500894625,0.034175089545994644,0.012862933958207229,9.915448096104084,2.9266090140016945
2.9200740254979545,-0.07999355287301019,0.033475301791145065,0.012598905483608492,9.955314733075268,2.923307410434925
2.9169074620604802,-0.0783402828706915,0.03278752538822591,0.012339645798253484,9.99518682193535,2.9200740254979545
2.9138063470725055,-0.07672102297017384,0.03211236575254865,0.01208530763720424,10.035064140699475,2.9169074620604802
2.910769332934711,-0.07513513360900326,0.03145019508795768,0.011835948956598105,10.074946476124758,2.9138063470725055
2.907795097858781,-0.0735819632128863,0.030801099832364405,0.011591568824959259,10.114833623464182,2.910769332934711
2.9048823461402398,-0.07206085949149207,0.030165030119245352,0.011352128706473697,10.154725386206996,2.907795097858781
2.902029808082933,-0.07057117494570013,0.02954185905898609,0.011117567347359603,10.194621575791194,2.9048823461402398
2.8992362397427205,-0.06911226986974366,0.02893141122276255,0.01088780987338337,10.234522011308494,2.902029808082933
2.896500422575503,-0.06768351420668942,0.02833348177459032,0.010662773484999211,10.274426519210524,2.8992362397427205
2.8938211630272597,-0.06628428864593418,0.027747848955786324,0.010442371071780249,10.314334933020097,2.896500422575503
2.891197292090756,-0.06491398523013195,0.027174282098302263,0.010226513497228402,10.35424709304993,2.8938211630272597
2.8886276648447073,-0.06357200764878987,0.026612546715294703,0.010015111036489504,10.39416284613008,2.891197292090756
2.8861111599854827,-0.0622577713335731,0.026062407708708754,0.009808074275453766,10.434082045344809,2.8886276648447073
2.883646679357674,-0.060970703429173906,0.025523631372817015,0.009605314667755806,10.474004549779094,2.8861111599854827
2.8812331474875137,-0.059710242686881985,0.024995986631015637,0.00940674487471312,10.513930224274809,2.883646679357674
2.8788695111215556,-0.058475839310844366,0.02447924578545567,0.009212278967616179,10.553858939196418,2.8812331474875137
2.8765547387721386,-0.057266954776046555,0.02397318495793674,0.00902183254298088,10.593790570205966,2.8788695111215556
2.8742878202704825,-0.05608306163007692,0.023477584335166855,0.008835322782647181,10.633724998047066,2.8765547387721386
2.8720677663648355,-0.05492364438287725,0.02299225411506919,0.008652668479256182,10.673662108337592,2.8742878202704825
2.8698936081533564,-0.05378819523497647,0.022516939344217276,0.008473790179774577,10.713601791368347,2.8720677663648355
2.8677643968431963,-0.05267621923182908,0.022051444950264343,0.008298609608055566,10.75354394191879,2.8698936081533564
2.8656792032428644,-0.05158723128993853,0.021595571886763722,0.008127050481697689,10.79348845906853,2.8677643968431963
2.8636371173657813,-0.050520756233609965,0.02114912257135586,0.007959037993589158,10.833435246022526,2.8656792032428644
2.86163724803618,-0.04947632866999964,0.020711902625126292,0.007794498847166793,10.873384209942852,2.8636371173657813
2.859678722524556,-0.04845349442614632,0.020283759369791002,0.007633361247753059,10.913335261787147,2.86163724803618
2.8577606860570666,-0.04745180430053816,0.019864440031611037,0.007475555128211688,10.953288316150466,2.859678722524556
2.855882301622072,-0.046470821990989196,0.01945378063967672,0.00732101113016398,10.993243291125262,2.8577606860570666
2.854042749492098,-0.04551011966254569,0.019051608186057313,0.007169662003944214,11.03320010815144,2.855882301622072
2.8522412268798263,-0.04456927814492268,0.018657749163141436,0.007021441754188215,11.073158691880694,2.854042749492098
2.850476947592206,-0.04364788687541323,0.018272032319511945,0.006876285708442676,11.113118970045615,2.8522412268798263
2.8487491416887867,-0.04274554376069127,0.017894289513745602,0.006734130519740509,11.15308087333391,2.850476947592206
2.847057055146142,-0.041861855014521006,0.017524355943942423,0.006594914148251625,11.193044335267663,2.8487491416887867
2.8453999495289493,-0.04099643499004704,0.017162070173714718,0.006458575836790997,11.233009292087523,2.847057055146142
2.8437771016677558,-0.04014890601269031,0.01680727409173027,0.006325056084777204,11.272975682641585,2.8453999495289493
2.8421878033432146,-0.039318898210639414,0.01645981273407602,0.006194296622243588,11.312943448278828,2.8437771016677558
2.840631360976877,-0.03850604934933383,0.01611953411929626,0.006066240383599447,11.352912532746895,2.8421878033432146
2.839107095329812,-0.03771000471226735,0.01578629009578273,0.005940831482304401,11.392882882094062,2.840631360976877
2.8376143412048234,-0.036930416906013966,0.015459935345096303,0.005818015191669911,11.432854444575145,2.839107095329812
2.8361524471564,-0.03616694571566608,0.015140327477654295,0.005697737914260581,11.472827170561319,2.8376143412048234
2.8347207752065007,-0.03541925795864451,0.01482732702271074,0.005579947160159625,11.512801012453595,2.8361524471564
2.8333187005661564,-0.0346870273400241,0.01452079738446945,0.0054645915245265285,11.552775924599848,2.8347207752065007
2.831945611362991,-0.03396993431552857,0.014220604909700946,0.005351620665301127,11.592751863215213,2.8333187005661564
2.8306009083735497,-0.03326766593281219,0.01392661837790858,0.005240985281877291,11.632728786305739,2.831945611362991
2.829284004762656,-0.03257991572055588,0.013638709542447284,0.00513263709087766,11.672706653595178,2.8306009083735497
2.827994325826869,-0.031906383541588125,0.013356752771438827,0.0050265288090603315,11.71268542645474,2.829284004762656
2.8267313087437205,-0.03124677546301725,0.013080625018012772,0.0049226141303171395,11.752665067835734,2.827994325826869
2.8254944023261013,-0.030600803628322532,0.012810205774850498,0.00482084770572628,11.792645542204946,2.8267313087437205
2.824283066781735,-0.029968186131851208,0.012545377024355096,0.004721185123860059,11.832626815482683,2.8254944023261013
2.823096773477603,-0.029348646895832428,0.012286023188065943,0.0046235828914189155,11.872608854983325,2.824283066781735
2.821935004709251,-0.028741915549908962,0.012032031076543753,0.004527998414252485,11.912591629358317,2.823096773477603
2.820797253474859,-0.028147727313151377,0.011783289840119329,0.00443438997877613,11.952575108541492,2.821935004709251
2.819683023255703,-0.02756582292990017,0.011539692130863985,0.004342716733766924,11.992559263696624,2.820797253474859
2.818591827793054,-0.026995948365092975,0.011301129565525451,0.004252938679100209,12.032544067167072,2.819683023255703
2.8175231908835325,-0.026437854918544043,0.011067497917632582,0.004165016621498496,12.072529492427691,2.818591827793054
2.8164766461696202,-0.025891299067274016,0.010838695963441624,0.004078912193327288,12.11251551403846,2.8175231908835325
2.815451736934204,-0.025356042302021816,0.010614624102391675,0.003994587824048826,12.152502107600064,2.8164766461696202
2.8144480159017466,-0.024831851036726405,0.010395184618434748,0.003912006715195943,12.192489249711354,2.815451736934204
2.813465045043436,-0.024318496516478983,0.01018028186594836,0.0038311328276626456,12.232476917928524,2.8144480159017466
2.812502395385501,-0.02381575470235962,0.009969821867988945,0.0037519308677373834,12.272465090725959,2.813465045043436
2.81155964682279,-0.02332340619686128,0.009763712816204861,0.0036743662696247788,12.312453747458683,2.812502395385501
2.810636387935045,-0.02284123613676422,0.009561864768521328,0.003598405183933686,12.352442868326335,2.81155964682279
2.8097322158073896,-0.02236903410033911,0.009364189631944112,0.003524014460795019,12.39243243433862,2.810636387935045
2.8088467358543006,-0.021906594009875928,0.009170600991151438,0.003451161635623632,12.432422427282171,2.8097322158073896
2.8079795616482435,-0.021453714066257883,0.008981014645605979,0.0033798149142310833,12.472412829688782,2.8088467358543006
2.807130314749802,-0.0210101966247792,0.008795347730457821,0.0033099431623406783,12.5124036248049,2.8079795616482435
2.8062986245432615,-0.02057584813020746,0.008613519173449095,0.003241515886483499,12.552394796562416,2.807130314749802
2.805484128074773,-0.020150479029864797,0.008435449604370485,0.0031745032243881747,12.592386329550617,2.8062986245432615
2.8046864698702887,-0.019733902856016772,0.008261041659546534,0.003108875931375023,12.632378208989294,2.805484128074773
2.8039053018700533,-0.019325939202163855,0.008090251598720921,0.0030446052548509044,12.672370420703608,2.8046864698702887
2.80314028315533,-0.018926409656640397,0.007922996417129931,0.002981663370055296,12.712362951097578,2.8039053018700533
2.8023910798639724,-0.01853513974076987,0.007759200327242641,0.002920022722653147,12.752355787131782,2.80314028315533
2.8016573650386487,-0.018151958662967836,0.0075987909201851184,0.0028596563881852586,12.792348916300387,2.8023910798639724
2.8009388184821735,-0.01777669918846414,0.00744169788002902,0.0028005380172304814,12.832342326609263,2.8016573650386487
2.800235126617142,-0.017409197548094477,0.007287852540240965,0.002742641810265425,12.872336006555019,2.8009388184821735
2.799545982348878,-0.0170492933609208,0.007137187717966568,0.002685942502231178,12.912329945104927,2.800235126617142
2.798871084931367,-0.016696829562355357,0.006989637640225292,0.00263041535037106,12.952324131677667,2.799545982348878
2.7982101398359873,-0.016351652335035667,0.006845137900654966,0.002576036123183819,12.992318556124852,2.798871084931367
2.7975628586229773,-0.016013611041531314,0.006703625426701585,0.002522781089877084,13.032313208713319,2.7982101398359873
2.7969289588143806,-0.01568255812387841,0.006565037633691604,0.002470627010071194,13.072308080108145,2.7975628586229773
2.796308163773816,-0.01535834912893446,0.006429314497024763,0.002419551119297679,13.11230316135637,2.7969289588143806
2.795700202584303,-0.015040842602748279,0.006296397549317492,0.002369531132110775,13.152298443871342,2.796308163773816
2.7951048099274804,-0.014729899953340434,0.006166228077299725,0.0023205452239190337,13.192293919417715,2.795700202584303
2.794521725971521,-0.01442538549875875,0.006038749622649441,0.0022725720118562014,13.232289580097122,2.7951048099274804
2.7939506962558016,-0.014127166351183836,0.005913906645979319,0.002225590562580748,13.272285418334356,2.794521725971521
2.7933914715801156,-0.013835112366558523,0.005791644675081329,0.0021795803732951144,13.312281426864159,2.7939506962558016
2.7928438078960123,-0.013549096090253874,0.005671910337501268,0.002134521364540887,13.352277598718537,2.7933914715801156
2.792307466200314,-0.013268992702224211,0.0055546513555201835,0.0020903938719527212,13.392273927214607,2.7928438078960123
