0,1,2
0.0,0.0,0.4
0.0205,0.0,0.41
0.0415,0.0,0.42
0.063,0.0,0.43
0.085,0.0,0.44
0.1075,0.0,0.45
0.1305,0.0,0.46
0.154,0.0,0.47
0.178,0.0,0.48
0.2025,0.0,0.49
0.2275,0.0,0.5
0.253,0.0,0.51
0.279,0.0,0.52
0.3055,0.0,0.53
0.3325,0.0,0.54
0.36,0.0,0.55
0.388,0.0,0.56
0.4165,0.0,0.57
0.4455,0.0,0.58
0.475,0.0,0.59
0.505,0.0,0.6
0.5355,0.0,0.61
0.5665,0.0,0.62
0.598,0.0,0.63
0.63,0.0,0.64
0.6625,0.0,0.65
0.6955,0.0,0.66
0.729,0.0,0.67
0.763,0.0,0.68
0.7975,0.0,0.69
0.8325,0.0,0.7
0.868,0.0,0.71
0.904,0.0,0.72
0.9405,0.0,0.73
0.9775,0.0,0.74
1.015,0.0,0.75
1.053,0.0,0.76
1.0915,0.0,0.77
1.1305,0.0,0.78
1.17,0.0,0.79
1.21,0.0,0.8
1.25,0.0,0.8
1.29,0.0,0.8
1.33,0.0,0.8
1.37,0.0,0.8
1.41,0.0,0.8
1.45,0.0,0.8
1.49,0.0,0.8
1.53,0.0,0.8
1.57,0.0,0.8
1.61,0.0,0.8
1.65,0.0,0.8
1.69,0.0,0.8
1.73,0.0,0.8
1.77,0.0,0.8
1.81,0.0,0.8
1.85,0.0,0.8
1.89,0.0,0.8
1.93,0.0,0.8
1.97,0.0,0.8
2.01,0.0,0.8
2.05,0.0,0.8
2.09,0.0,0.8
2.13,0.0,0.8
2.17,0.0,0.8
2.21,0.0,0.8
2.25,0.0,0.8
2.29,0.0,0.8
2.33,0.0,0.8
2.37,0.0,0.8
2.41,0.0,0.8
2.45,0.0,0.8
2.49,0.0,0.8
2.53,0.0,0.8
2.57,0.0,0.8
2.61,0.0,0.8
2.65,0.0,0.8
2.69,0.0,0.8
2.73,0.0,0.8
2.77,0.0,0.8
2.81,0.0,0.8
2.85,0.0,0.8
2.89,0.0,0.8
2.93,0.0,0.8
2.97,0.0,0.8
3.01,0.0,0.8
3.05,0.0,0.8
3.09,0.0,0.8
3.13,0.0,0.8
3.17,0.0,0.8
3.21,0.0,0.8
3.25,0.0,0.8
3.29,0.0,0.8
3.33,0.0,0.8
3.37,0.0,0.8
3.41,0.0,0.8
3.45,0.0,0.8
3.49,0.0,0.8
3.53,0.0,0.8
3.57,0.0,0.8
3.61,0.0,0.8
3.65,0.0,0.8
3.69,0.0,0.8
3.73,0.0,0.8
3.77,0.0,0.8
3.81,0.0,0.8
3.85,0.0,0.8
3.89,0.0,0.8
3.93,0.0,0.8
3.97,0.0,0.8
4.01,0.0,0.8
4.05,0.0,0.8
4.09,0.0,0.8
4.13,0.0,0.8
4.17,0.0,0.8
4.21,0.0,0.8
4.25,0.0,0.8
4.29,0.0,0.8
4.33,0.0,0.8
4.37,0.0,0.8
4.41,0.0,0.8
4.45,0.0,0.8
4.49,0.0,0.8
4.53,0.0,0.8
4.57,0.0,0.8
4.61,0.0,0.8
4.65,0.0,0.8
4.69,0.0,0.8
4.73,0.0,0.8
4.77,0.0,0.8
4.81,0.0,0.8
4.85,0.0,0.8
4.89,0.0,0.8
4.93,0.0,0.8
4.97,0.0,0.8
5.01,0.0,0.8
5.03,0.0,0.4
5.05,0.0003,0.4
5.07,0.0008,0.4
5.09,0.0017,0.4
5.1099,0.0028,0.4
5.1299,0.0042,0.4
5.1498,0.0059,0.4
5.1697,0.0078,0.4
5.1896,0.0101,0.4
5.2094,0.0126,0.4
5.2292,0.0154,0.4
5.249,0.0184,0.4
5.2687,0.0218,0.4
5.2884,0.0254,0.4
5.308,0.0293,0.4
5.3276,0.0334,0.4
5.3471,0.0379,0.4
5.3665,0.0426,0.4
5.3859,0.0476,0.4
5.4052,0.0528,0.4
5.4244,0.0583,0.4
5.4436,0.0641,0.4
5.4626,0.0702,0.4
5.4816,0.0765,0.4
5.5005,0.0831,0.4
5.5193,0.0899,0.4
5.538,0.097,0.4
5.5566,0.1044,0.4
5.575,0.112,0.4
5.5934,0.1199,0.4
5.6117,0.1281,0.4
5.6298,0.1365,0.4
5.6479,0.1451,0.4
5.6658,0.154,0.4
5.6836,0.1632,0.4
5.7012,0.1726,0.4
5.7187,0.1822,0.4
5.7361,0.1921,0.4
5.7534,0.2022,0.4
5.7705,0.2126,0.4
5.7874,0.2232,0.4
5.8042,0.2341,0.4
5.8209,0.2452,0.4
5.8374,0.2565,0.4
5.8537,0.268,0.4
5.8699,0.2798,0.4
5.8859,0.2918,0.4
5.9017,0.304,0.4
5.9174,0.3164,0.4
5.9328,0.3291,0.4
5.9482,0.342,0.4
5.9633,0.355,0.4
5.9782,0.3683,0.4
5.993,0.3818,0.4
6.0076,0.3955,0.4
6.0219,0.4094,0.4
6.0361,0.4236,0.4
6.0501,0.4379,0.4
6.0639,0.4524,0.4
6.0774,0.467,0.4
6.0908,0.4819,0.4
6.1039,0.497,0.4
6.1169,0.5122,0.4
6.1296,0.5277,0.4
6.1421,0.5433,0.4
6.1544,0.559,0.4
6.1665,0.575,0.4
6.1784,0.5911,0.4
6.19,0.6074,0.4
6.2014,0.6238,0.4
6.2125,0.6404,0.4
6.2235,0.6572,0.4
6.2342,0.6741,0.4
6.2446,0.6911,0.4
6.2548,0.7083,0.4
6.2648,0.7256,0.4
6.2745,0.7431,0.4
6.284,0.7607,0.4
6.2933,0.7784,0.4
6.3023,0.7963,0.4
6.311,0.8143,0.4
6.3195,0.8324,0.4
6.3277,0.8506,0.4
6.3357,0.869,0.4
6.3434,0.8874,0.4
6.3509,0.906,0.4
6.3581,0.9246,0.4
6.365,0.9434,0.4
6.3717,0.9622,0.4
6.3781,0.9812,0.4
6.3843,1.0002,0.4
6.3901,1.0193,0.4
6.3958,1.0385,0.4
6.4011,1.0578,0.4
6.4062,1.0772,0.4
6.411,1.0966,0.4
6.4155,1.116,0.4
6.4198,1.1356,0.4
6.4238,1.1552,0.4
6.4275,1.1748,0.4
6.4309,1.1945,0.4
6.4341,1.2143,0.4
6.437,1.2341,0.4
6.4396,1.2539,0.4
6.4419,1.2738,0.4
6.4439,1.2937,0.4
6.4457,1.3136,0.4
6.4472,1.3335,0.4
6.4484,1.3535,0.4
6.4494,1.3735,0.4
6.45,1.3935,0.4
6.451,1.4134,0.4
6.4522,1.4334,0.4
6.4537,1.4533,0.4
6.4554,1.4733,0.4
6.4575,1.4932,0.4
6.4598,1.513,0.4
6.4624,1.5329,0.4
6.4653,1.5526,0.4
6.4685,1.5724,0.4
6.4719,1.5921,0.4
6.4756,1.6118,0.4
6.4796,1.6314,0.4
6.4839,1.6509,0.4
6.4884,1.6704,0.4
6.4932,1.6898,0.4
6.4983,1.7091,0.4
6.5036,1.7284,0.4
6.5092,1.7476,0.4
6.5151,1.7667,0.4
6.5213,1.7857,0.4
6.5277,1.8047,0.4
6.5344,1.8235,0.4
6.5413,1.8423,0.4
6.5485,1.861,0.4
6.556,1.8795,0.4
6.5637,1.898,0.4
6.5717,1.9163,0.4
6.5799,1.9345,0.4
6.5884,1.9526,0.4
6.5971,1.9706,0.4
6.6061,1.9885,0.4
6.6154,2.0062,0.4
6.6248,2.0238,0.4
6.6346,2.0413,0.4
6.6446,2.0586,0.4
6.6548,2.0758,0.4
6.6652,2.0929,0.4
6.6759,2.1098,0.4
6.6869,2.1265,0.4
6.698,2.1431,0.4
6.7094,2.1596,0.4
6.721,2.1758,0.4
6.7329,2.192,0.4
6.7449,2.2079,0.4
6.7572,2.2237,0.4
6.7698,2.2393,0.4
6.7825,2.2547,0.4
6.7954,2.27,0.4
6.8086,2.285,0.4
6.822,2.2999,0.4
6.8355,2.3146,0.4
6.8493,2.3291,0.4
6.8633,2.3434,0.4
6.8775,2.3575,0.4
6.8918,2.3714,0.4
6.9064,2.3851,0.4
6.9212,2.3986,0.4
6.9361,2.4119,0.4
6.9512,2.425,0.4
6.9665,2.4379,0.4
6.982,2.4505,0.4
6.9977,2.4629,0.4
7.0135,2.4752,0.4
7.0295,2.4872,0.4
7.0457,2.4989,0.4
7.062,2.5105,0.4
7.0785,2.5218,0.4
7.0952,2.5329,0.4
7.112,2.5437,0.4
7.1289,2.5543,0.4
7.146,2.5647,0.4
7.1633,2.5748,0.4
7.1807,2.5847,0.4
7.1982,2.5944,0.4
7.2158,2.6038,0.4
7.2336,2.6129,0.4
7.2515,2.6218,0.4
7.2695,2.6305,0.4
7.2877,2.6389,0.4
7.306,2.647,0.4
7.3243,2.6549,0.4
7.3428,2.6625,0.4
7.3614,2.6699,0.4
7.3801,2.677,0.4
7.3989,2.6839,0.4
7.4178,2.6905,0.4
7.4368,2.6968,0.4
7.4558,2.7028,0.4
7.475,2.7086,0.4
7.4942,2.7141,0.4
7.5135,2.7194,0.4
7.5329,2.7244,0.4
7.5523,2.7291,0.4
7.5718,2.7335,0.4
7.5914,2.7377,0.4
7.611,2.7416,0.4
7.6307,2.7452,0.4
7.6504,2.7485,0.4
7.6701,2.7516,0.4
7.6899,2.7544,0.4
7.7098,2.7569,0.4
7.7297,2.7591,0.4
7.7496,2.7611,0.4
7.7695,2.7627,0.4
7.7894,2.7641,0.4
7.8094,2.7653,0.4
7.8294,2.7661,0.4
7.8494,2.7667,0.4
7.8694,2.7669,0.4
7.8899,2.7669,0.41
7.9109,2.7669,0.42
7.9324,2.7669,0.43
7.9544,2.7669,0.44
7.9769,2.7669,0.45
7.9999,2.7669,0.46
8.0234,2.7669,0.47
8.0474,2.7669,0.48
8.0719,2.7669,0.49
8.0969,2.7669,0.5
8.1224,2.7669,0.51
8.1484,2.7669,0.52
8.1749,2.7669,0.53
8.2019,2.7669,0.54
8.2294,2.7669,0.55
8.2574,2.7669,0.56
8.2859,2.7669,0.57
8.3149,2.7669,0.58
8.3444,2.7669,0.59
8.3744,2.7669,0.6
8.4049,2.7669,0.61
8.4359,2.7669,0.62
8.4674,2.7669,0.63
8.4994,2.7669,0.64
8.5319,2.7669,0.65
8.5649,2.7669,0.66
8.5984,2.7669,0.67
8.6324,2.7669,0.68
8.6669,2.7669,0.69
8.7019,2.7669,0.7
8.7374,2.7669,0.71
8.7734,2.7669,0.72
8.8099,2.7669,0.73
8.8469,2.7669,0.74
8.8844,2.7669,0.75
8.9224,2.7669,0.76
8.9609,2.7669,0.77
8.9999,2.7669,0.78
9.0394,2.7669,0.79
9.0794,2.7669,0.8
9.1194,2.7669,0.8
9.1594,2.7669,0.8
9.1994,2.7669,0.8
9.2394,2.7669,0.8
9.2794,2.7669,0.8
9.3194,2.7669,0.8
9.3594,2.7669,0.8
9.3994,2.7669,0.8
9.4394,2.7669,0.8
9.4794,2.7669,0.8
9.5194,2.7669,0.8
9.5594,2.7669,0.8
9.5994,2.7669,0.8
9.6394,2.7669,0.8
9.6794,2.7669,0.8
9.7194,2.7669,0.8
9.7594,2.7669,0.8
9.7994,2.7669,0.8
9.8394,2.7669,0.8
9.8794,2.7669,0.8
9.9194,2.7669,0.8
9.9594,2.7669,0.8
9.9994,2.7669,0.8
10.0394,2.7669,0.8
10.0794,2.7669,0.8
10.1194,2.7669,0.8
10.1594,2.7669,0.8
10.1994,2.7669,0.8
10.2394,2.7669,0.8
10.2794,2.7669,0.8
10.3194,2.7669,0.8
10.3594,2.7669,0.8
10.3994,2.7669,0.8
10.4394,2.7669,0.8
10.4794,2.7669,0.8
10.5194,2.7669,0.8
10.5594,2.7669,0.8
10.5994,2.7669,0.8
10.6394,2.7669,0.8
10.6794,2.7669,0.8
10.7194,2.7669,0.8
10.7594,2.7669,0.8
10.7994,2.7669,0.8
10.8394,2.7669,0.8
10.8794,2.7669,0.8
10.9194,2.7669,0.8
10.9594,2.7669,0.8
10.9994,2.7669,0.8
11.0394,2.7669,0.8
11.0794,2.7669,0.8
11.1194,2.7669,0.8
11.1594,2.7669,0.8
11.1994,2.7669,0.8
11.2394,2.7669,0.8
11.2794,2.7669,0.8
11.3194,2.7669,0.8
11.3594,2.7669,0.8
11.3994,2.7669,0.8
11.4394,2.7669,0.8
11.4794,2.7669,0.8
11.5194,2.7669,0.8
11.5594,2.7669,0.8
11.5994,2.7669,0.8
11.6394,2.7669,0.8
11.6794,2.7669,0.8
11.7194,2.7669,0.8
11.7594,2.7669,0.8
11.7994,2.7669,0.8
11.8394,2.7669,0.8
11.8794,2.7669,0.8
11.9194,2.7669,0.8
11.9594,2.7669,0.8
11.9994,2.7669,0.8
12.0394,2.7669,0.8
12.0794,2.7669,0.8
12.1194,2.7669,0.8
12.1594,2.7669,0.8
12.1994,2.7669,0.8
12.2394,2.7669,0.8
12.2794,2.7669,0.8
12.3194,2.7669,0.8
12.3594,2.7669,0.8
12.3994,2.7669,0.8
12.4394,2.7669,0.8
12.4794,2.7669,0.8
12.5194,2.7669,0.8
12.5594,2.7669,0.8
12.5994,2.7669,0.8
12.6394,2.7669,0.8
12.6794,2.7669,0.8
12.7194,2.7669,0.8
12.7594,2.7669,0.8
12.7994,2.7669,0.8
12.8394,2.7669,0.8
12.8794,2.7669,0.8
12.9194,2.7669,0.8
12.9594,2.7669,0.8
12.9994,2.7669,0.8
13.0394,2.7669,0.8
13.0794,2.7669,0.8
13.1194,2.7669,0.8
13.1594,2.7669,0.8
13.1994,2.7669,0.8
13.2394,2.7669,0.8
13.26945992165968,2.766994625592168,0.6
13.299518651844005,2.767278498618027,0.6
13.32957499912484,2.7677516078257938,0.6
13.359627772168514,2.768413934462994,0.6
13.389675779783012,2.7692654522772004,0.6
13.419717830965213,2.7703061275170784,0.6
13.449752734948087,2.7715359189337203,0.6
13.479779301247895,2.7729547777822843,0.6
13.509796339711372,2.774562647823923,0.6
13.539802660562916,2.776359465328011,0.6
13.569797074451728,2.7783451590746795,0.6
13.59977839249896,2.780519650357629,0.6
13.629745426344842,2.782882852987253,0.6
13.659696988195781,2.7854346732940582,0.6
13.689631890871441,2.7881750101323695,0.6
13.71954894785181,2.791103754884346,0.6
13.749446973324208,2.7942207914642836,0.6
13.779324782230308,2.7975259963232144,0.6
13.809181190313096,2.801019238453808,0.6
13.839015014163811,2.8047003793955563,0.6
13.868825071268876,2.808569273240275,0.6
13.898610180056727,2.812625766637874,0.6
13.928369159944678,2.8168696988024386,0.6
13.958100831385703,2.821300901518611,0.6
13.987804015915193,2.8259191991482444,0.6
14.017477536197664,2.8307244086373773,0.6
14.047120216073433,2.83571633952348,0.6
14.076730880605213,2.8408947939430087,0.6
14.106308356124712,2.8462595666392483,0.6
14.135851470279134,2.8518104449704422,0.6
14.165359052077648,2.8575472089182297,0.6
14.194829931937823,2.8634696310963603,0.6
14.224262941731958,2.8695774767597095,0.6
14.253656914833396,2.875870503813581,0.6
14.28301068616277,2.8823484628233045,0.6
14.312323092234177,2.889011097024122,0.6
14.341592971201285,2.8958581423313623,0.6
14.370819162903416,2.902889327350917,0.6
14.400000508911491,2.910104373389986,0.6
14.429135852573973,2.9175029944681325,0.6
14.458224039062701,2.925084897328615,0.6
14.48726391541867,2.9328497814500087,0.6
14.516254330597734,2.9407973390581263,0.6
14.545194135516216,2.948927255138204,0.6
14.574082183096461,2.957239207447399,0.6
14.602917328312309,2.9657328665275564,0.6
14.631698428234465,2.974407895718267,0.6
14.660424342075816,2.9832639511702146,0.6
14.689093931236645,2.992300681858807,0.6
14.717706059349752,3.001517729598082,0.6
14.7462595923255,3.0109147290549103,0.6
14.774753398396777,3.020491307763476,0.6
14.803186348163841,3.0302470861400375,0.6
14.831557314639085,3.040181677497972,0.6
14.859865173291732,3.0502946880631114,0.6
14.888108802092376,3.060585716989336,0.6
14.916287081557467,3.071054356374474,0.6
14.944398894793693,3.0817001912764646,0.6
14.972443127542233,3.092522799729805,0.6
15.000418668222949,3.103521752762279,0.6
15.028324407978408,3.1146966144119554,0.6
15.056159240717866,3.1260469417444705,0.6
15.083922063161095,3.1375722848705845,0.6
15.111611774882112,3.149272186964014,0.6
15.1392272783528,3.161146184279536,0.6
15.166767478986422,3.1731938061713763,0.6
15.194231285180981,3.1854145751118574,0.6
15.221617608362505,3.197808006710326,0.6
15.248925363028196,3.2103736097323585,0.6
15.276153466789447,3.223110886119226,0.6
15.303300840414742,3.2360193310076406,0.6
15.330366407872457,3.249098432749763,0.6
15.357349096373476,3.2623476729334833,0.6
15.384247836413733,3.2757665264029683,0.6
15.411061561816604,3.2893544612794816,0.6
15.437789209775154,3.3031109389824556,0.6
15.464429720894286,3.3170354142508547,0.6
15.490982039232707,3.331127335164771,0.6
15.517445112344793,3.3453861431673095,0.6
15.543817891322307,3.3598112730867262,0.6
15.570099330835967,3.3744021531588286,0.6
15.596288389176895,3.389158205049643,0.6
15.62238402829788,3.40407884387833,0.6
15.64838521385455,3.419163478240371,0.6
15.674290915246354,3.434411510231012,0.6
15.700100105657413,3.4498223354689586,0.6
15.72581176209723,3.465395343120334,0.6
15.751424865441216,3.481129915922887,0.6
15.77693840047112,3.497025430210468,0.6
15.802351355915235,3.5130812559377356,0.6
15.827662724488492,3.529296756705137,0.6
15.852871502932393,3.5456712897841336,0.6
15.87797669205477,3.5622042061426713,0.6
15.902977296769393,3.5788948504709155,0.6
15.927872326135413,3.5957425612072136,0.6
15.952660793396626,3.6127466705643236,0.6
15.977341716020609,3.6299065045558843,0.6
16.001914115737634,3.6472213830231244,0.6
16.026377018579485,3.6646906196618305,0.6
16.050729454918013,3.6823135220495398,0.6
16.07497045950361,3.700089391672992,0.6
16.099099071503446,3.718017523955812,0.6
16.123114334539558,3.7360972082864428,0.6
16.14701529672676,3.7543277280463014,0.6
16.170801010710377,3.7727083606382013,0.6
16.194470533703786,3.791238377514971,0.6
16.218022927525784,3.809917044208349,0.6
16.241457258637787,3.828743620358087,0.6
16.264772598180823,3.847717359741297,0.6
16.287968022012336,3.866837510302029,0.6
16.311042610742852,3.8861033141810877,0.6
16.333995449772388,3.905514007746056,0.6
16.356825629326714,3.925068821621575,0.6
16.37953224449341,3.944766980719836,0.6
16.402114395257744,3.9646077042712973,0.6
16.42457118653834,3.984590205855648,0.6
16.446901728222652,4.004713693432955,0.6
16.469105135202252,4.024977369375076,0.6
16.491180527407895,4.045380430497265,0.6
16.513127029844433,4.0659220680900106,0.6
16.53494377262548,4.0866014679510965,0.6
16.556629891007873,4.107417810417861,0.6
16.578184525425986,4.128370270399694,0.6
16.599606821525768,4.149458017410745,0.6
16.62089593019863,4.17068021560283,0.6
16.642051007615073,4.192036023798567,0.6
16.663071215258164,4.213524595524719,0.6
16.68395571995676,4.235145079045749,0.6
16.70470369391853,4.256896617397569,0.6
16.72531431476276,4.278778348421513,0.6
16.745786765552964,4.300789404798514,0.6
16.766120234829256,4.322928914083471,0.6
16.78631391664052,4.345195998739849,0.6
16.80636701057634,4.367589776174441,0.6
16.826278721798747,4.390109358772357,0.6
16.846048261073705,4.412753853932215,0.6
16.8656748448024,4.435522364101509,0.6
16.885157695052307,4.458413986812197,0.6
16.904496039588018,4.481427814716458,0.6
16.923689111901847,4.504562935622669,0.6
16.94273615124422,4.527818432531552,0.6
16.961636402653816,4.551193383672526,0.6
16.98038911698751,4.57468686254024,0.6
16.998993550950047,4.598297937931298,0.6
17.017448967123528,4.622025673981173,0.6
17.035754633996604,4.6458691302012936,0.6
17.053909825993504,4.669827361516326,0.6
17.071913823502776,4.693899418301632,0.6
17.08976591290581,4.718084346420909,0.6
17.10746538660515,4.742381187264019,0.6
17.125011543052484,4.766788977784968,0.6
17.142403686776518,4.791306750540083,0.6
17.159641128410488,4.815933533726367,0.6
17.17672318471952,4.840668351220007,0.6
17.1936491786277,4.865510222615077,0.6
17.210418439244894,4.890458163262384,0.6
17.227030301893365,4.9155111843084995,0.6
17.24348410813411,4.940668292734967,0.6
17.259779205792942,4.96592849139764,0.6
17.27591494898638,4.991290779066235,0.6
17.291890698147196,5.016754150463976,0.6
17.30770582004981,5.042317596307489,0.6
17.32335968783538,5.067980103346764,0.6
17.33885168103662,5.093740654405343,0.6
17.354181185602425,5.119598228420625,0.6
17.3693475939222,5.145551800484341,0.6
17.384350304849946,5.171600341883186,0.6
17.39918872372808,5.197742820139579,0.6
17.413862262411005,5.2239781990525955,0.6
17.428370339288435,5.25030543873904,0.6
17.442712379308436,5.276723495674654,0.6
17.456887814000225,5.303231322735499,0.6
17.470896081496697,5.329827869239438,0.6
17.484736626556703,5.3565120809877875,0.6
17.49840890058705,5.383282900307113,0.6
17.511912361664255,5.410139266091134,0.6
17.525246474556006,5.437080113842807,0.6
17.53841071074241,5.4641043757164915,0.6
17.551404548436906,5.491210980560293,0.6
17.564227472606966,5.518398853958516,0.6
17.576878974994507,5.545666918274248,0.6
17.58935855413604,5.573014092692077,0.6
17.60166571538253,5.600439293260923,0.6
17.613799970919036,5.627941432937023,0.6
17.625760839784,5.655519421626991,0.6
17.637547847888346,5.683172166231043,0.6
17.649160528034265,5.710898570686318,0.6
17.66059841993372,5.738697536010319,0.6
17.671861070226704,5.76656796034449,0.6
17.682948032499205,5.794508738997867,0.6
17.6938588673009,5.8225187644908765,0.6
17.70459314216257,5.850596926599231,0.6
17.715150431613246,5.87874211239793,0.6
17.725530317197073,5.90695320630539,0.6
17.735732387489897,5.935229090127636,0.6
17.745756238115572,5.963568643102639,0.6
17.755601471761985,5.99197074194474,0.6
17.765267698196798,6.020434260889163,0.6
17.774754534282945,6.048958071736658,0.6
17.78406160399377,6.077541043898182,0.6
17.793188538427984,6.106182044439756,0.6
17.802134975824245,6.134879938127337,0.6
17.810900561575515,6.163633587471828,0.6
17.819484948243122,6.1924418527741665,0.6
17.82788779557052,6.221303592170488,0.6
17.83610877049677,6.250217661677404,0.6
17.844147547169765,6.279182915237326,0.6
17.852003806959118,6.308198204763903,0.6
17.859677238468816,6.337262380187521,0.6
17.86716753754954,6.366374289500892,0.6
17.874474407310743,6.395532778804725,0.6
17.88159755813239,6.4247366923534415,0.6
17.88853670767648,6.453984872601,0.6
17.89529158089818,6.483276160246777,0.6
17.90186191005678,6.512609394281506,0.6
17.908247434726277,6.541983412033329,0.6
17.9144479018057,6.571397049213822,0.6
17.92046306552915,6.6008491399642075,0.6
17.926292687475538,6.630338516901523,0.6
17.931936536578025,6.659864011164909,0.6
17.9373943891332,6.6894244524619335,0.6
17.94266602880993,6.719018669114978,0.6
17.94775124665795,6.748645488107693,0.6
17.952649841116127,6.778303735131466,0.6
17.957361618020467,6.807992234631991,0.6
17.96188639061179,6.837709809855848,0.6
17.966223979543166,6.867455282897155,0.6
17.97037421288698,6.897227474744259,0.6
17.97433692614178,6.927025205326454,0.6
17.9781119622388,6.956847293560767,0.6
17.981699171548144,6.986692557398766,0.6
17.98509841188477,7.016559813873416,0.6
17.988309548514092,7.0464478791459735,0.6
17.99133245415733,7.076355568552897,0.6
17.99416700899655,7.106281696652808,0.6
17.996813100679425,7.136225077273485,0.6
17.999270624323678,7.166184523558869,0.6
18.001539482521242,7.196158848016115,0.6
18.003619585342122,7.22614686256265,0.6
18.005510850337956,7.256147378573285,0.6
18.007213202545287,7.286159206927304,0.6
18.008726574488534,7.316181158055608,0.6
18.010050906182666,7.346212041987867,0.6
18.01118614513558,7.3762506683996785,0.6
18.01213224635017,7.40629584665977,0.6
18.012889172326137,7.436346385877158,0.6
18.01345689306145,7.466401094948376,0.6
18.013835386053543,7.4964587826046785,0.6
18.014024636300213,7.526518257459252,0.6
18.014024636300213,7.55657832805446,0.6
18.013835386053543,7.586637802909038,0.6
18.01345689306145,7.61669549056534,0.6
18.012889172326137,7.646750199636559,0.6
18.01213224635017,7.6768007388539425,0.6
18.01118614513558,7.7068459171140375,0.6
18.010050906182666,7.73688454352585,0.6
18.008726574488534,7.766915427458108,0.6
18.007213202545287,7.796937378586413,0.6
18.005510850337956,7.826949206940431,0.6
18.003619585342122,7.856949722951066,0.6
18.001539482521242,7.886937737497602,0.6
17.999270624323678,7.916912061954847,0.6
17.996813100679425,7.946871508240231,0.6
17.99416700899655,7.976814888860908,0.6
17.99133245415733,8.00674101696082,0.6
17.988309548514092,8.036648706367739,0.6
17.98509841188477,8.066536771640298,0.6
17.981699171548144,8.09640402811495,0.6
17.9781119622388,8.12624929195295,0.6
17.97433692614178,8.156071380187262,0.6
17.97037421288698,8.185869110769453,0.6
17.966223979543166,8.215641302616561,0.6
17.96188639061179,8.245386775657867,0.6
17.957361618020467,8.275104350881726,0.6
17.952649841116127,8.30479285038225,0.6
17.94775124665795,8.334451097406024,0.6
17.94266602880993,8.364077916398738,0.6
17.9373943891332,8.393672133051783,0.6
17.931936536578025,8.423232574348807,0.6
17.926292687475538,8.452758068612193,0.6
17.92046306552915,8.48224744554951,0.6
17.9144479018057,8.511699536299895,0.6
17.908247434726277,8.541113173480387,0.6
17.90186191005678,8.570487191232205,0.6
17.89529158089818,8.59982042526694,0.6
17.88853670767648,8.629111712912717,0.6
17.88159755813239,8.658359893160275,0.6
17.874474407310743,8.687563806708987,0.6
17.86716753754954,8.71672229601282,0.6
17.859677238468816,8.745834205326195,0.6
17.852003806959118,8.774898380749814,0.6
17.844147547169765,8.80391367027639,0.6
17.83610877049677,8.832878923836311,0.6
17.82788779557052,8.86179299334323,0.6
17.819484948243122,8.89065473273955,0.6
17.810900561575515,8.919462998041888,0.6
17.802134975824245,8.94821664738638,0.6
17.793188538427984,8.97691454107396,0.6
17.784061603993774,9.005555541615534,0.6
17.774754534282945,9.034138513777057,0.6
17.7652676981968,9.06266232462455,0.6
17.755601471761985,9.091125843568976,0.6
17.745756238115575,9.119527942411077,0.6
17.7357323874899,9.14786749538608,0.6
17.725530317197077,9.176143379208323,0.6
17.715150431613246,9.204354473115782,0.6
17.704593142162572,9.232499658914486,0.6
17.693858867300904,9.26057782102284,0.6
17.68294803249921,9.28858784651585,0.6
17.671861070226708,9.316528625169223,0.6
17.66059841993372,9.344399049503398,0.6
17.649160528034265,9.372198014827399,0.6
17.63754784788835,9.399924419282673,0.6
17.625760839784,9.427577163886726,0.6
17.613799970919036,9.455155152576694,0.6
17.601665715382534,9.482657292252794,0.6
17.58935855413604,9.51008249282164,0.6
17.576878974994507,9.537429667239469,0.6
17.564227472606966,9.5646977315552,0.6
17.551404548436906,9.591885604953422,0.6
17.53841071074241,9.618992209797225,0.6
17.52524647455601,9.646016471670906,0.6
17.511912361664255,9.672957319422583,0.6
17.49840890058705,9.699813685206603,0.6
17.484736626556703,9.726584504525928,0.6
17.470896081496697,9.75326871627428,0.6
17.456887814000225,9.779865262778213,0.6
17.442712379308436,9.806373089839063,0.6
17.428370339288435,9.832791146774678,0.6
17.413862262411005,9.85911838646112,0.6
17.39918872372808,9.885353765374138,0.6
17.38435030484995,9.911496243630527,0.6
17.369347593922203,9.937544785029376,0.6
17.354181185602428,9.96349835709309,0.6
17.338851681036623,9.989355931108374,0.6
17.32335968783538,10.015116482166952,0.6
17.307705820049815,10.040778989206228,0.6
17.291890698147196,10.06634243504974,0.6
17.27591494898638,10.091805806447482,0.6
17.259779205792945,10.117168094116074,0.6
17.24348410813411,10.14242829277875,0.6
17.227030301893368,10.167585401205216,0.6
17.210418439244897,10.192638422251333,0.6
17.1936491786277,10.217586362898636,0.6
17.176723184719524,10.24242823429371,0.6
17.15964112841049,10.26716305178735,0.6
17.142403686776518,10.291789834973635,0.6
17.125011543052487,10.31630760772875,0.6
17.107465386605153,10.340715398249694,0.6
17.089765912905815,10.365012239092808,0.6
17.071913823502776,10.389197167212085,0.6
17.053909825993507,10.413269223997391,0.6
17.035754633996607,10.437227455312422,0.6
17.01744896712353,10.461070911532541,0.6
16.99899355095005,10.48479864758242,0.6
16.98038911698751,10.508409722973477,0.6
16.961636402653816,10.53190320184119,0.6
16.94273615124422,10.555278152982165,0.6
16.92368911190185,10.578533649891048,0.6
16.90449603958802,10.601668770797259,0.6
16.88515769505231,10.624682598701519,0.6
16.8656748448024,10.647574221412208,0.6
16.846048261073705,10.670342731581503,0.6
16.82627872179875,10.69298722674136,0.6
16.806367010576345,10.715506809339276,0.6
16.786313916640523,10.737900586773865,0.6
16.76612023482926,10.760167671430246,0.6
16.745786765552968,10.782307180715204,0.6
16.72531431476276,10.804318237092204,0.6
16.704703693918532,10.826199968116148,0.6
16.683955719956764,10.847951506467965,0.6
16.663071215258164,10.869571989988998,0.6
16.642051007615073,10.89106056171515,0.6
16.62089593019863,10.912416369910888,0.6
16.59960682152577,10.933638568102971,0.6
16.57818452542599,10.954726315114023,0.6
16.556629891007873,10.975678775095858,0.6
16.534943772625482,10.996495117562619,0.6
16.513127029844437,11.017174517423706,0.6
16.4911805274079,11.03771615501645,0.6
16.469105135202252,11.05811921613864,0.6
16.446901728222656,11.078382892080763,0.6
16.424571186538344,11.098506379658067,0.6
16.402114395257748,11.11848888124242,0.6
16.37953224449341,11.138329604793881,0.6
16.356825629326714,11.158027763892141,0.6
16.33399544977239,11.17758257776766,0.6
16.31104261074286,11.196993271332627,0.6
16.287968022012336,11.216259075211688,0.6
16.264772598180823,11.23537922577242,0.6
16.24145725863779,11.25435296515563,0.6
16.218022927525787,11.273179541305367,0.6
16.194470533703786,11.291858207998747,0.6
16.170801010710377,11.310388224875517,0.6
16.147015296726764,11.328768857467413,0.6
16.123114334539558,11.346999377227274,0.6
16.09909907150345,11.365079061557905,0.6
16.074970459503614,11.383007193840726,0.6
16.050729454918017,11.400783063464177,0.6
16.02637701857949,11.418405965851885,0.6
16.001914115737637,11.435875202490593,0.6
15.97734171602061,11.453190080957832,0.6
15.952660793396628,11.470349914949393,0.6
15.927872326135414,11.487354024306505,0.6
15.9029772967694,11.504201735042798,0.6
15.877976692054771,11.520892379371046,0.6
15.852871502932395,11.537425295729584,0.6
15.827662724488494,11.553799828808579,0.6
15.802351355915237,11.570015329575982,0.6
15.776938400471128,11.586071155303248,0.6
15.75142486544122,11.60196666959083,0.6
15.725811762097232,11.617701242393384,0.6
15.700100105657416,11.633274250044758,0.6
15.674290915246356,11.648685075282705,0.6
15.648385213854553,11.663933107273346,0.6
15.622384028297882,11.679017741635388,0.6
15.5962883891769,11.693938380464072,0.6
15.57009933083597,11.70869443235489,0.6
15.543817891322309,11.723285312426992,0.6
15.517445112344795,11.737710442346408,0.6
15.490982039232708,11.751969250348946,0.6
15.464429720894291,11.766061171262862,0.6
15.437789209775156,11.779985646531262,0.6
15.411061561816606,11.793742124234235,0.6
15.384247836413735,11.80733005911075,0.6
15.357349096373477,11.820748912580235,0.6
15.330366407872464,11.833998152763954,0.6
15.303300840414746,11.847077254506079,0.6
15.276153466789449,11.85998569939449,0.6
15.2489253630282,11.87272297578136,0.6
15.221617608362507,11.885288578803392,0.6
15.194231285180983,11.897682010401862,0.6
15.166767478986424,11.90990277934234,0.6
15.139227278352807,11.92195040123418,0.6
15.11161177488211,11.933824398549707,0.6
15.083922063161097,11.945524300643132,0.6
15.05615924071787,11.957049643769249,0.6
15.02832440797841,11.968399971101764,0.6
15.000418668222954,11.979574832751437,0.6
14.972443127542236,11.990573785783912,0.6
14.944398894793695,12.001396394237254,0.6
14.916287081557469,12.012042229139244,0.6
14.888108802092377,12.022510868524382,0.6
14.85986517329174,12.032801897450605,0.6
14.831557314639088,12.042914908015746,0.6
14.803186348163843,12.05284949937368,0.6
14.77475339839678,12.062605277750242,0.6
14.746259592325503,12.072181856458808,0.6
14.717706059349753,12.081578855915636,0.6
14.689093931236647,12.09079590365491,0.6
14.660424342075821,12.099832634343501,0.6
14.631698428234468,12.10868868979545,0.6
14.60291732831231,12.117363718986162,0.6
14.574082183096465,12.125857378066318,0.6
14.545194135516219,12.134169330375514,0.6
14.516254330597741,12.142299246455591,0.6
14.487263915418673,12.150246804063709,0.6
14.458224039062705,12.158011688185104,0.6
14.429135852573975,12.165593591045585,0.6
14.400000508911493,12.17299221212373,0.6
14.370819162903423,12.1802072581628,0.6
14.341592971201289,12.187238443182355,0.6
14.312323092234179,12.194085488489597,0.6
14.283010686162774,12.200748122690413,0.6
14.253656914833398,12.207226081700137,0.6
14.224262941731963,12.213519108754006,0.6
14.194829931937825,12.219626954417357,0.6
14.165359052077655,12.225549376595488,0.6
14.135851470279137,12.231286140543276,0.6
14.106308356124716,12.236837018874471,0.6
14.076730880605217,12.242201791570709,0.6
14.047120216073434,12.24738024599024,0.6
14.01747753619767,12.25237217687634,0.6
13.987804015915192,12.257177386365473,0.6
13.958100831385705,12.261795683995107,0.6
13.92836915994468,12.26622688671128,0.6
13.898610180056728,12.270470818875845,0.6
13.868825071268882,12.274527312273442,0.6
13.839015014163815,12.278396206118162,0.6
13.809181190313097,12.28207734705991,0.6
13.77932478223031,12.285570589190502,0.6
13.749446973324211,12.288875794049435,0.6
13.719548947851816,12.291992830629372,0.6
13.689631890871443,12.294921575381348,0.6
13.659696988195783,12.29766191221966,0.6
13.629745426344844,12.300213732526466,0.6
13.599778392498962,12.30257693515609,0.6
13.56979707445173,12.30475142643904,0.6
13.539802660562918,12.306737120185707,0.6
13.509796339711377,12.308533937689795,0.6
13.479779301247893,12.310141807731434,0.6
13.44975273494809,12.311560666579997,0.6
13.419717830965215,12.312790457996641,0.6
13.389675779783015,12.31383113323652,0.6
13.35962777216852,12.314682651050724,0.6
13.329574999124842,12.315344977687925,0.6
13.299518651844009,12.315818086895693,0.6
13.269459921659683,12.31610195992155,0.6
13.239400000000002,12.316196585513719,0.6
13.221327710843376,12.316196585513719,0.6
13.203255421686748,12.316196585513719,0.6
13.185183132530122,12.316196585513719,0.6
13.167110843373496,12.316196585513719,0.6
13.149038554216869,12.316196585513719,0.6
13.130966265060243,12.316196585513719,0.6
13.112893975903615,12.316196585513719,0.6
13.09482168674699,12.316196585513719,0.6
13.076749397590364,12.316196585513719,0.6
13.058677108433736,12.316196585513719,0.6
13.04060481927711,12.316196585513719,0.6
13.022532530120484,12.316196585513719,0.6
13.004460240963857,12.316196585513719,0.6
12.986387951807231,12.316196585513719,0.6
12.968315662650603,12.316196585513719,0.6
12.950243373493977,12.316196585513719,0.6
12.932171084337352,12.316196585513719,0.6
12.914098795180724,12.316196585513719,0.6
12.896026506024098,12.316196585513719,0.6
12.877954216867472,12.316196585513719,0.6
12.859881927710845,12.316196585513719,0.6
12.841809638554219,12.316196585513719,0.6
12.823737349397591,12.316196585513719,0.6
12.805665060240965,12.316196585513719,0.6
12.78759277108434,12.316196585513719,0.6
12.769520481927712,12.316196585513719,0.6
12.751448192771086,12.316196585513719,0.6
12.73337590361446,12.316196585513719,0.6
12.715303614457833,12.316196585513719,0.6
12.697231325301207,12.316196585513719,0.6
12.67915903614458,12.316196585513719,0.6
12.661086746987953,12.316196585513719,0.6
12.643014457831327,12.316196585513719,0.6
12.6249421686747,12.316196585513719,0.6
12.606869879518074,12.316196585513719,0.6
12.588797590361448,12.316196585513719,0.6
12.57072530120482,12.316196585513719,0.6
12.552653012048195,12.316196585513719,0.6
12.534580722891567,12.316196585513719,0.6
12.516508433734941,12.316196585513719,0.6
12.498436144578315,12.316196585513719,0.6
12.480363855421688,12.316196585513719,0.6
12.462291566265062,12.316196585513719,0.6
12.444219277108436,12.316196585513719,0.6
12.426146987951808,12.316196585513719,0.6
12.408074698795183,12.316196585513719,0.6
12.390002409638555,12.316196585513719,0.6
12.37193012048193,12.316196585513719,0.6
12.353857831325303,12.316196585513719,0.6
12.335785542168676,12.316196585513719,0.6
12.31771325301205,12.316196585513719,0.6
12.299640963855424,12.316196585513719,0.6
12.281568674698796,12.316196585513719,0.6
12.26349638554217,12.316196585513719,0.6
12.245424096385545,12.316196585513719,0.6
12.227351807228917,12.316196585513719,0.6
12.209279518072291,12.316196585513719,0.6
12.191207228915664,12.316196585513719,0.6
12.173134939759038,12.316196585513719,0.6
12.155062650602412,12.316196585513719,0.6
12.136990361445784,12.316196585513719,0.6
12.118918072289159,12.316196585513719,0.6
12.100845783132531,12.316196585513719,0.6
12.082773493975905,12.316196585513719,0.6
12.06470120481928,12.316196585513719,0.6
12.046628915662652,12.316196585513719,0.6
12.028556626506026,12.316196585513719,0.6
12.0104843373494,12.316196585513719,0.6
11.992412048192772,12.316196585513719,0.6
11.974339759036146,12.316196585513719,0.6
11.95626746987952,12.316196585513719,0.6
11.938195180722893,12.316196585513719,0.6
11.920122891566267,12.316196585513719,0.6
11.90205060240964,12.316196585513719,0.6
11.883978313253014,12.316196585513719,0.6
11.865906024096388,12.316196585513719,0.6
11.84783373493976,12.316196585513719,0.6
11.829761445783134,12.316196585513719,0.6
11.811689156626509,12.316196585513719,0.6
11.793616867469881,12.316196585513719,0.6
11.775544578313255,12.316196585513719,0.6
11.757472289156627,12.316196585513719,0.6
11.739400000000002,12.316196585513719,0.6
11.721327710843376,12.316196585513719,0.6
11.703255421686748,12.316196585513719,0.6
11.685183132530122,12.316196585513719,0.6
11.667110843373496,12.316196585513719,0.6
11.649038554216869,12.316196585513719,0.6
11.630966265060243,12.316196585513719,0.6
11.612893975903615,12.316196585513719,0.6
11.59482168674699,12.316196585513719,0.6
11.576749397590364,12.316196585513719,0.6
11.558677108433736,12.316196585513719,0.6
11.54060481927711,12.316196585513719,0.6
11.522532530120483,12.316196585513719,0.6
11.504460240963857,12.316196585513719,0.6
11.486387951807231,12.316196585513719,0.6
11.468315662650603,12.316196585513719,0.6
11.450243373493977,12.316196585513719,0.6
11.432171084337352,12.316196585513719,0.6
11.414098795180724,12.316196585513719,0.6
11.396026506024098,12.316196585513719,0.6
11.377954216867472,12.316196585513719,0.6
11.359881927710845,12.316196585513719,0.6
11.341809638554219,12.316196585513719,0.6
11.323737349397591,12.316196585513719,0.6
11.305665060240965,12.316196585513719,0.6
11.28759277108434,12.316196585513719,0.6
11.269520481927712,12.316196585513719,0.6
11.251448192771086,12.316196585513719,0.6
11.23337590361446,12.316196585513719,0.6
11.215303614457833,12.316196585513719,0.6
11.197231325301207,12.316196585513719,0.6
11.17915903614458,12.316196585513719,0.6
11.161086746987953,12.316196585513719,0.6
11.143014457831327,12.316196585513719,0.6
11.1249421686747,12.316196585513719,0.6
11.106869879518074,12.316196585513719,0.6
11.088797590361448,12.316196585513719,0.6
11.07072530120482,12.316196585513719,0.6
11.052653012048195,12.316196585513719,0.6
11.034580722891569,12.316196585513719,0.6
11.016508433734941,12.316196585513719,0.6
10.998436144578315,12.316196585513719,0.6
10.980363855421688,12.316196585513719,0.6
10.962291566265062,12.316196585513719,0.6
10.944219277108434,12.316196585513719,0.6
10.926146987951808,12.316196585513719,0.6
10.908074698795183,12.316196585513719,0.6
10.890002409638555,12.316196585513719,0.6
10.87193012048193,12.316196585513719,0.6
10.853857831325303,12.316196585513719,0.6
10.835785542168676,12.316196585513719,0.6
10.81771325301205,12.316196585513719,0.6
10.799640963855424,12.316196585513719,0.6
10.781568674698796,12.316196585513719,0.6
10.76349638554217,12.316196585513719,0.6
10.745424096385545,12.316196585513719,0.6
10.727351807228917,12.316196585513719,0.6
10.709279518072291,12.316196585513719,0.6
10.691207228915664,12.316196585513719,0.6
10.673134939759038,12.316196585513719,0.6
10.65506265060241,12.316196585513719,0.6
10.636990361445784,12.316196585513719,0.6
10.618918072289159,12.316196585513719,0.6
10.600845783132533,12.316196585513719,0.6
10.582773493975905,12.316196585513719,0.6
10.56470120481928,12.316196585513719,0.6
10.546628915662652,12.316196585513719,0.6
10.528556626506026,12.316196585513719,0.6
10.5104843373494,12.316196585513719,0.6
10.492412048192772,12.316196585513719,0.6
10.474339759036146,12.316196585513719,0.6
10.45626746987952,12.316196585513719,0.6
10.438195180722893,12.316196585513719,0.6
10.420122891566267,12.316196585513719,0.6
10.40205060240964,12.316196585513719,0.6
10.383978313253014,12.316196585513719,0.6
10.365906024096388,12.316196585513719,0.6
10.347833734939762,12.316196585513719,0.6
10.329761445783134,12.316196585513719,0.6
10.311689156626507,12.316196585513719,0.6
10.293616867469881,12.316196585513719,0.6
10.275544578313255,12.316196585513719,0.6
10.257472289156627,12.316196585513719,0.6
10.239400000000002,12.316196585513719,0.6
10.221327710843376,12.316196585513719,0.6
10.203255421686748,12.316196585513719,0.6
10.185183132530122,12.316196585513719,0.6
10.167110843373496,12.316196585513719,0.6
10.149038554216869,12.316196585513719,0.6
10.130966265060243,12.316196585513719,0.6
10.112893975903617,12.316196585513719,0.6
10.09482168674699,12.316196585513719,0.6
10.076749397590364,12.316196585513719,0.6
10.058677108433736,12.316196585513719,0.6
10.04060481927711,12.316196585513719,0.6
10.022532530120483,12.316196585513719,0.6
10.004460240963857,12.316196585513719,0.6
9.986387951807231,12.316196585513719,0.6
9.968315662650603,12.316196585513719,0.6
9.950243373493977,12.316196585513719,0.6
9.932171084337352,12.316196585513719,0.6
9.914098795180724,12.316196585513719,0.6
9.896026506024098,12.316196585513719,0.6
9.877954216867472,12.316196585513719,0.6
9.859881927710845,12.316196585513719,0.6
9.841809638554219,12.316196585513719,0.6
9.823737349397593,12.316196585513719,0.6
9.805665060240965,12.316196585513719,0.6
9.78759277108434,12.316196585513719,0.6
9.769520481927712,12.316196585513719,0.6
9.751448192771086,12.316196585513719,0.6
9.73337590361446,12.316196585513719,0.6
9.715303614457833,12.316196585513719,0.6
9.697231325301207,12.316196585513719,0.6
9.67915903614458,12.316196585513719,0.6
9.661086746987953,12.316196585513719,0.6
9.643014457831327,12.316196585513719,0.6
9.6249421686747,12.316196585513719,0.6
9.606869879518074,12.316196585513719,0.6
9.588797590361448,12.316196585513719,0.6
9.57072530120482,12.316196585513719,0.6
9.552653012048195,12.316196585513719,0.6
9.534580722891569,12.316196585513719,0.6
9.516508433734941,12.316196585513719,0.6
9.498436144578315,12.316196585513719,0.6
9.48036385542169,12.316196585513719,0.6
9.462291566265062,12.316196585513719,0.6
9.444219277108436,12.316196585513719,0.6
9.426146987951808,12.316196585513719,0.6
9.408074698795183,12.316196585513719,0.6
9.390002409638555,12.316196585513719,0.6
9.37193012048193,12.316196585513719,0.6
9.353857831325303,12.316196585513719,0.6
9.335785542168676,12.316196585513719,0.6
9.31771325301205,12.316196585513719,0.6
9.299640963855424,12.316196585513719,0.6
9.281568674698796,12.316196585513719,0.6
9.26349638554217,12.316196585513719,0.6
9.245424096385545,12.316196585513719,0.6
9.227351807228917,12.316196585513719,0.6
9.209279518072291,12.316196585513719,0.6
9.191207228915665,12.316196585513719,0.6
9.173134939759038,12.316196585513719,0.6
9.15506265060241,12.316196585513719,0.6
9.136990361445786,12.316196585513719,0.6
9.118918072289159,12.316196585513719,0.6
9.100845783132531,12.316196585513719,0.6
9.082773493975905,12.316196585513719,0.6
9.06470120481928,12.316196585513719,0.6
9.046628915662652,12.316196585513719,0.6
9.028556626506026,12.316196585513719,0.6
9.0104843373494,12.316196585513719,0.6
8.992412048192772,12.316196585513719,0.6
8.974339759036146,12.316196585513719,0.6
8.95626746987952,12.316196585513719,0.6
8.938195180722893,12.316196585513719,0.6
8.920122891566267,12.316196585513719,0.6
8.902050602409641,12.316196585513719,0.6
8.883978313253014,12.316196585513719,0.6
8.865906024096386,12.316196585513719,0.6
8.847833734939762,12.316196585513719,0.6
8.829761445783134,12.316196585513719,0.6
8.811689156626507,12.316196585513719,0.6
8.793616867469883,12.316196585513719,0.6
8.775544578313255,12.316196585513719,0.6
8.757472289156627,12.316196585513719,0.6
8.739400000000002,12.316196585513719,0.6
8.721327710843376,12.316196585513719,0.6
8.703255421686748,12.316196585513719,0.6
8.685183132530122,12.316196585513719,0.6
8.667110843373496,12.316196585513719,0.6
8.649038554216869,12.316196585513719,0.6
8.630966265060243,12.316196585513719,0.6
8.612893975903617,12.316196585513719,0.6
8.59482168674699,12.316196585513719,0.6
8.576749397590364,12.316196585513719,0.6
8.558677108433738,12.316196585513719,0.6
8.54060481927711,12.316196585513719,0.6
8.522532530120483,12.316196585513719,0.6
8.504460240963859,12.316196585513719,0.6
8.486387951807231,12.316196585513719,0.6
8.468315662650603,12.316196585513719,0.6
8.450243373493977,12.316196585513719,0.6
8.432171084337352,12.316196585513719,0.6
8.414098795180724,12.316196585513719,0.6
8.3960265060241,12.316196585513719,0.6
8.377954216867472,12.316196585513719,0.6
8.359881927710845,12.316196585513719,0.6
8.341809638554219,12.316196585513719,0.6
8.323737349397593,12.316196585513719,0.6
8.305665060240965,12.316196585513719,0.6
8.28759277108434,12.316196585513719,0.6
8.269520481927714,12.316196585513719,0.6
8.251448192771086,12.316196585513719,0.6
8.233375903614458,12.316196585513719,0.6
8.215303614457834,12.316196585513719,0.6
8.197231325301207,12.316196585513719,0.6
8.17915903614458,12.316196585513719,0.6
8.161086746987955,12.316196585513719,0.6
8.143014457831327,12.316196585513719,0.6
8.1249421686747,12.316196585513719,0.6
8.106869879518074,12.316196585513719,0.6
8.088797590361448,12.316196585513719,0.6
8.07072530120482,12.316196585513719,0.6
8.052653012048195,12.316196585513719,0.6
8.034580722891569,12.316196585513719,0.6
8.016508433734941,12.316196585513719,0.6
7.9984361445783145,12.316196585513719,0.6
7.980363855421689,12.316196585513719,0.6
7.962291566265063,12.316196585513719,0.6
7.944219277108435,12.316196585513719,0.6
7.926146987951809,12.316196585513719,0.6
7.908074698795183,12.316196585513719,0.6
7.890002409638556,12.316196585513719,0.6
7.871930120481929,12.316196585513719,0.6
7.853857831325303,12.316196585513719,0.6
7.835785542168677,12.316196585513719,0.6
7.81771325301205,12.316196585513719,0.6
7.799640963855423,12.316196585513719,0.6
7.781568674698797,12.316196585513719,0.6
7.76349638554217,12.316196585513719,0.6
7.745424096385544,12.316196585513719,0.6
7.727351807228918,12.316196585513719,0.6
7.709279518072291,12.316196585513719,0.6
7.6912072289156646,12.316196585513719,0.6
7.673134939759038,12.316196585513719,0.6
7.655062650602412,12.316196585513719,0.6
7.636990361445784,12.316196585513719,0.6
7.6189180722891585,12.316196585513719,0.6
7.600845783132532,12.316196585513719,0.6
7.582773493975906,12.316196585513719,0.6
7.564701204819278,12.316196585513719,0.6
7.5466289156626525,12.316196585513719,0.6
7.528556626506027,12.316196585513719,0.6
7.510484337349399,12.316196585513719,0.6
7.492412048192773,12.316196585513719,0.6
7.4743397590361464,12.316196585513719,0.6
7.456267469879521,12.316196585513719,0.6
7.438195180722893,12.316196585513719,0.6
7.420122891566267,12.316196585513719,0.6
7.40205060240964,12.316196585513719,0.6
7.383978313253014,12.316196585513719,0.6
7.365906024096387,12.316196585513719,0.6
7.347833734939761,12.316196585513719,0.6
7.3297614457831335,12.316196585513719,0.6
7.311689156626508,12.316196585513719,0.6
7.293616867469882,12.316196585513719,0.6
7.275544578313255,12.316196585513719,0.6
7.257472289156628,12.316196585513719,0.6
7.239400000000002,12.316196585513719,0.6
7.2091588733349194,12.316005040005951,0.6
7.178922599426821,12.315430434219719,0.6
7.148696030253976,12.31447286036132,0.6
7.118484016237345,12.313132472091471,0.6
7.088291405462241,12.311409484500654,0.6
7.05812304290036,12.309304174074605,0.6
7.027983769632321,12.306816878649935,0.6
6.9978784220708175,12.303947997359932,0.6
6.967811831184523,12.300697990570503,0.6
6.937788821722879,12.297067379806304,0.6
6.907814211441866,12.293056747667046,0.6
6.877892810330906,12.288666737734015,0.6
6.84802941984101,12.28389805446679,0.6
6.818228832114297,12.278751463090202,0.6
6.788495829215001,12.273227789471537,0.6
6.7588351823621,12.267327919988015,0.6
6.729251651163687,12.261052801384547,0.6
6.699749982853196,12.254403440621822,0.6
6.670334911527625,12.247380904714708,0.6
6.64101115738786,12.23998632056104,0.6
6.6117834259812245,12.232220874760788,0.6
6.582656407446393,12.224085813425637,0.6
6.553634775760767,12.215582441979029,0.6
6.52472318799045,12.206712124946687,0.6
6.495926283542925,12.197476285737645,0.6
6.467248683422589,12.18787640641584,0.6
6.438694989489214,12.177914027462286,0.6
6.410269783719497,12.167590747527871,0.6
6.381977627471793,12.15690822317683,0.6
6.353823060754164,12.14586816862091,0.6
6.325810601495846,12.1344723554443,0.6
6.297944744822263,12.122722612319347,0.6
6.270229962333699,12.110620824713104,0.6
6.242670701387746,12.098168934584775,0.6
6.215271384385643,12.085368940074096,0.6
6.188036408062619,12.07222289518069,0.6
6.160970142782354,12.058732909434465,0.6
6.134076931835667,12.044901147557102,0.6
6.107361090743561,12.030729829114684,0.6
6.080826906564712,12.016221228161523,0.6
6.0544786372075325,12.001377672875252,0.6
6.028320510746905,11.986201545183217,0.6
6.002356724745718,11.970695280380253,0.6
5.976591445581275,11.954861366737903,0.6
5.951028807776732,11.938702345105117,0.6
5.925672913337628,11.922220808500537,0.6
5.900527831093648,11.905419401696387,0.6
5.875597596045698,11.888300820794074,0.6
5.850886208718412,11.870867812791552,0.6
5.8263976345182,11.85312317514251,0.6
5.802135803096914,11.83506975530747,0.6
5.778104607721272,11.816710450296855,0.6
5.754307904648101,11.798048206206113,0.6
5.730749512505534,11.77908601774296,0.6
5.707433211680237,11.759826927746824,0.6
5.684362743710775,11.740274026700558,0.6
5.661541810687211,11.72043045223452,0.6
5.638974074657042,11.700299388623083,0.6
5.6166631570375465,11.679884066273654,0.6
5.594612638034661,11.659187761208292,0.6
5.572826056068479,11.638213794538016,0.6
5.5513069072054275,11.616965531929864,0.6
5.530058644597276,11.595446383066815,0.6
5.509084677927,11.57365980110063,0.6
5.488388372861637,11.551609282097745,0.6
5.467973050512208,11.529298364478251,0.6
5.447841986900771,11.50673062844808,0.6
5.427998412434735,11.483909695424519,0.6
5.408445511388468,11.460839227455056,0.6
5.389186421392331,11.437522926629757,0.6
5.3702242329291785,11.41396453448719,0.6
5.351561988838437,11.39016783141402,0.6
5.333202683827822,11.366136636038377,0.6
5.31514926399278,11.341874804617092,0.6
5.29740462634374,11.31738623041688,0.6
5.279971618341218,11.292674843089594,0.6
5.262853037438905,11.267744608041644,0.6
5.246051630634755,11.242599525797663,0.6
5.229570094030174,11.21724363135856,0.6
5.213411072397389,11.191680993554018,0.6
5.197577158755038,11.165915714389573,0.6
5.182070893952076,11.139951928388387,0.6
5.1668947662600395,11.11379380192776,0.6
5.152051210973768,11.08744553257058,0.6
5.137542610020608,11.06091134839173,0.6
5.123371291578191,11.034195507299625,0.6
5.109539529700827,11.007302296352938,0.6
5.096049543954601,10.980236031072671,0.6
5.082903499061196,10.953001054749649,0.6
5.0701035045505165,10.925601737747547,0.6
5.0576516144221895,10.898042476801594,0.6
5.045549826815945,10.87032769431303,0.6
5.033800083690991,10.842461837639446,0.6
5.022404270514382,10.814449378381127,0.6
5.011364215958462,10.786294811663499,0.6
5.00068169160742,10.758002655415796,0.6
4.9903584116730055,10.729577449646078,0.6
4.980396032719451,10.701023755712704,0.6
4.970796153397647,10.672346155592367,0.6
4.961560314188605,10.643549251144844,0.6
4.952689997156263,10.614637663374525,0.6
4.944186625709655,10.585616031688899,0.6
4.9360515643745035,10.556489013154067,0.6
4.928286118574251,10.527261281747432,0.6
4.920891534420584,10.497937527607666,0.6
4.91386899851347,10.468522456282097,0.6
4.907219637750744,10.439020787971605,0.6
4.900944519147277,10.409437256773192,0.6
4.895044649663754,10.379776609920292,0.6
4.889520976045089,10.350043607020995,0.6
4.884374384668501,10.320243019294281,0.6
4.879605701401276,10.290379628804388,0.6
4.875215691468245,10.260458227693427,0.6
4.871205059328989,10.230483617412414,0.6
4.867574448564788,10.200460607950768,0.6
4.864324441775359,10.170394017064474,0.6
4.861455560485357,10.14028866950297,0.6
4.858968265060687,10.110149396234933,0.6
4.856862954634638,10.079981033673052,0.6
4.8551399670438204,10.049788422897947,0.6
4.853799578773971,10.019576408881317,0.6
4.852842004915573,9.98934983970847,0.6
4.852267399129341,9.959113565800372,0.6
4.852075853621572,9.92887243913529,0.6
4.852267399129341,9.898631312470208,0.6
4.852842004915573,9.868395038562111,0.6
4.853799578773971,9.838168469389265,0.6
4.8551399670438204,9.807956455372635,0.6
4.856862954634638,9.777763844597528,0.6
4.858968265060687,9.747595482035647,0.6
4.861455560485357,9.71745620876761,0.6
4.864324441775359,9.687350861206106,0.6
4.867574448564788,9.657284270319812,0.6
4.871205059328988,9.627261260858168,0.6
4.875215691468245,9.597286650577155,0.6
4.879605701401276,9.567365249466194,0.6
4.884374384668501,9.537501858976299,0.6
4.889520976045089,9.507701271249585,0.6
4.895044649663754,9.47796826835029,0.6
4.900944519147277,9.448307621497388,0.6
4.907219637750743,9.418724090298975,0.6
4.91386899851347,9.389222421988485,0.6
4.9208915344205835,9.359807350662914,0.6
4.928286118574251,9.330483596523148,0.6
4.9360515643745035,9.301255865116513,0.6
4.944186625709655,9.272128846581682,0.6
4.952689997156263,9.243107214896057,0.6
4.961560314188604,9.214195627125738,0.6
4.970796153397647,9.185398722678213,0.6
4.980396032719451,9.156721122557878,0.6
4.9903584116730055,9.128167428624502,0.6
5.00068169160742,9.099742222854784,0.6
5.011364215958462,9.071450066607083,0.6
5.022404270514382,9.043295499889453,0.6
5.033800083690991,9.015283040631134,0.6
5.045549826815945,8.987417183957552,0.6
5.057651614422188,8.959702401468986,0.6
5.0701035045505165,8.932143140523035,0.6
5.082903499061195,8.904743823520931,0.6
5.096049543954601,8.877508847197907,0.6
5.109539529700827,8.850442581917642,0.6
5.12337129157819,8.823549370970955,0.6
5.137542610020608,8.79683352987885,0.6
5.152051210973768,8.7702993457,0.6
5.1668947662600395,8.743951076342821,0.6
5.1820708939520745,8.717792949882195,0.6
5.197577158755038,8.691829163881007,0.6
5.213411072397388,8.666063884716564,0.6
5.229570094030174,8.64050124691202,0.6
5.246051630634754,8.615145352472917,0.6
5.262853037438905,8.590000270228938,0.6
5.279971618341218,8.565070035180986,0.6
5.297404626343739,8.5403586478537,0.6
5.31514926399278,8.515870073653488,0.6
5.333202683827821,8.491608242232203,0.6
5.351561988838436,8.467577046856562,0.6
5.3702242329291785,8.44378034378339,0.6
5.38918642139233,8.420221951640823,0.6
5.408445511388468,8.396905650815526,0.6
5.427998412434734,8.373835182846063,0.6
5.447841986900771,8.3510142498225,0.6
5.4679730505122075,8.328446513792331,0.6
5.488388372861638,8.306135596172835,0.6
5.5090846779269995,8.28408507716995,0.6
5.530058644597276,8.262298495203767,0.6
5.5513069072054275,8.240779346340716,0.6
5.572826056068478,8.219531083732566,0.6
5.594612638034661,8.19855711706229,0.6
5.616663157037545,8.177860811996927,0.6
5.638974074657042,8.157445489647497,0.6
5.661541810687211,8.13731442603606,0.6
5.684362743710773,8.117470851570024,0.6
5.707433211680236,8.097917950523756,0.6
5.730749512505534,8.078658860527618,0.6
5.754307904648101,8.059696672064467,0.6
5.7781046077212705,8.041034427973726,0.6
5.802135803096914,8.02267512296311,0.6
5.8263976345182,8.00462170312807,0.6
5.8508862087184115,7.986877065479028,0.6
5.875597596045697,7.969444057476506,0.6
5.900527831093648,7.9523254765741935,0.6
5.925672913337627,7.935524069770043,0.6
5.95102880777673,7.919042533165463,0.6
5.976591445581274,7.902883511532678,0.6
6.002356724745718,7.887049597890327,0.6
6.028320510746905,7.871543333087365,0.6
6.054478637207532,7.856367205395328,0.6
6.080826906564713,7.841523650109057,0.6
6.10736109074356,7.827015049155897,0.6
6.134076931835665,7.81284373071348,0.6
6.160970142782353,7.7990119688361155,0.6
6.18803640806262,7.78552198308989,0.6
6.215271384385642,7.772375938196484,0.6
6.242670701387745,7.759575943685805,0.6
6.270229962333699,7.747124053557476,0.6
6.297944744822263,7.735022265951233,0.6
6.325810601495845,7.72327252282628,0.6
6.353823060754164,7.711876709649671,0.6
6.381977627471793,7.700836655093751,0.6
6.410269783719496,7.690154130742709,0.6
6.438694989489212,7.679830850808294,0.6
6.46724868342259,7.669868471854739,0.6
6.495926283542925,7.660268592532935,0.6
6.524723187990448,7.651032753323894,0.6
6.5536347757607665,7.642162436291551,0.6
6.582656407446393,7.633659064844943,0.6
6.611783425981224,7.625524003509792,0.6
6.641011157387858,7.617758557709539,0.6
6.670334911527626,7.610363973555872,0.6
6.699749982853196,7.6033414376487585,0.6
6.729251651163685,7.596692076886033,0.6
6.7588351823621,7.590416958282566,0.6
6.788495829215002,7.584517088799043,0.6
6.818228832114296,7.578993415180378,0.6
6.848029419841008,7.573846823803789,0.6
6.877892810330905,7.569078140536565,0.6
6.907814211441866,7.564688130603534,0.6
6.9377888217228785,7.560677498464277,0.6
6.967811831184523,7.557046887700077,0.6
6.9978784220708175,7.553796880910648,0.6
7.02798376963232,7.5509279996206455,0.6
7.058123042900358,7.548440704195976,0.6
7.088291405462239,7.546335393769926,0.6
7.118484016237345,7.544612406179109,0.6
7.1486960302539755,7.54327201790926,0.6
7.178922599426821,7.542314444050861,0.6
7.20915887333492,7.541739838264629,0.6
7.239400000000002,7.54154829275686,0.6
7.269641126665084,7.541356747249091,0.6
7.299877400573182,7.540782141462859,0.6
7.330103969746027,7.539824567604461,0.6
7.360315983762659,7.538484179334612,0.6
7.3905085945377635,7.536761191743794,0.6
7.420676957099644,7.534655881317745,0.6
7.450816230367683,7.532168585893075,0.6
7.480921577929187,7.529299704603073,0.6
7.51098816881548,7.526049697813644,0.6
7.541011178277124,7.522419087049444,0.6
7.570985788558137,7.518408454910187,0.6
7.600907189669098,7.514018444977156,0.6
7.630770580158993,7.509249761709931,0.6
7.660571167885706,7.504103170333343,0.6
7.690304170785002,7.498579496714678,0.6
7.719964817637903,7.492679627231155,0.6
7.749548348836317,7.486404508627688,0.6
7.779050017146808,7.479755147864962,0.6
7.808465088472378,7.4727326119578485,0.6
7.837788842612143,7.465338027804181,0.6
7.86701657401878,7.4575725820039285,0.6
7.89614359255361,7.449437520668777,0.6
7.925165224239236,7.440934149222169,0.6
7.954076812009554,7.432063832189827,0.6
7.982873716457078,7.422827992980785,0.6
8.011551316577414,7.413228113658981,0.6
8.04010501051079,7.4032657347054265,0.6
8.068530216280507,7.392942454771012,0.6
8.09682237252821,7.38225993041997,0.6
8.124976939245839,7.37121987586405,0.6
8.152989398504157,7.359824062687441,0.6
8.180855255177741,7.348074319562487,0.6
8.208570037666306,7.335972531956243,0.6
8.236129298612259,7.3235206418279155,0.6
8.26352861561436,7.310720647317236,0.6
8.290763591937385,7.297574602423831,0.6
8.31782985721765,7.284084616677605,0.6
8.344723068164337,7.270252854800242,0.6
8.371438909256442,7.256081536357824,0.6
8.397973093435292,7.241572935404664,0.6
8.42432136279247,7.2267293801183925,0.6
8.450479489253098,7.211553252426357,0.6
8.476443275254285,7.196046987623394,0.6
8.50220855441873,7.180213073981043,0.6
8.527771192223272,7.164054052348258,0.6
8.553127086662375,7.147572515743677,0.6
8.578272168906356,7.130771108939527,0.6
8.603202403954306,7.113652528037214,0.6
8.62791379128159,7.096219520034692,0.6
8.652402365481803,7.078474882385651,0.6
8.676664196903088,7.060421462550611,0.6
8.700695392278732,7.042062157539995,0.6
8.724492095351902,7.0233999134492535,0.6
8.748050487494469,7.004437724986101,0.6
8.771366788319767,6.985178634989964,0.6
8.79443725628923,6.965625733943697,0.6
8.817258189312792,6.945782159477661,0.6
8.83982592534296,6.925651095866224,0.6
8.862136842962457,6.905235773516794,0.6
8.884187361965342,6.8845394684514325,0.6
8.905973943931524,6.863565501781156,0.6
8.927493092794576,6.8423172391730045,0.6
8.948741355402726,6.820798090309954,0.6
8.969715322073004,6.799011508343771,0.6
8.990411627138366,6.776960989340886,0.6
9.010826949487795,6.7546500717213895,0.6
9.030958013099232,6.732082335691221,0.6
9.05080158756527,6.709261402667658,0.6
9.070354488611535,6.686190934698195,0.6
9.089613578607672,6.662874633872898,0.6
9.108575767070825,6.639316241730331,0.6
9.127238011161566,6.61551953865716,0.6
9.145597316172182,6.591488343281517,0.6
9.163650736007222,6.567226511860232,0.6
9.181395373656263,6.54273793766002,0.6
9.198828381658785,6.518026550332735,0.6
9.215946962561098,6.4930963152847845,0.6
9.232748369365249,6.467951233040804,0.6
9.24922990596983,6.442595338601701,0.6
9.265388927602615,6.417032700797157,0.6
9.281222841244965,6.391267421632714,0.6
9.296729106047927,6.365303635631526,0.6
9.311905233739964,6.3391455091709,0.6
9.326748789026235,6.31279723981372,0.6
9.341257389979395,6.286263055634872,0.6
9.355428708421814,6.259547214542765,0.6
9.369260470299176,6.232654003596078,0.6
9.382750456045402,6.2055877383158125,0.6
9.395896500938807,6.178352761992789,0.6
9.408696495449487,6.150953444990687,0.6
9.421148385577816,6.123394184044734,0.6
9.433250173184058,6.095679401556169,0.6
9.444999916309012,6.067813544882586,0.6
9.456395729485621,6.039801085624268,0.6
9.467435784041541,6.011646518906639,0.6
9.478118308392583,5.983354362658936,0.6
9.488441588326998,5.954929156889218,0.6
9.498403967280552,5.926375462955843,0.6
9.508003846602357,5.897697862835507,0.6
9.517239685811397,5.868900958387983,0.6
9.52611000284374,5.839989370617665,0.6
9.534613374290348,5.810967738932039,0.6
9.5427484356255,5.7818407203972075,0.6
9.550513881425752,5.752612988990572,0.6
9.55790846557942,5.723289234850807,0.6
9.564931001486533,5.693874163525236,0.6
9.571580362249259,5.664372495214746,0.6
9.577855480852726,5.634788964016332,0.6
9.583755350336249,5.605128317163431,0.6
9.589279023954914,5.575395314264135,0.6
9.594425615331502,5.545594726537422,0.6
9.599194298598727,5.515731336047526,0.6
9.603584308531758,5.485809934936566,0.6
9.607594940671015,5.455835324655553,0.6
9.611225551435215,5.425812315193909,0.6
9.614475558224644,5.395745724307615,0.6
9.617344439514646,5.365640376746111,0.6
9.619831734939316,5.335501103478072,0.6
9.621937045365366,5.305332740916192,0.6
9.623660032956183,5.275140130141088,0.6
9.625000421226032,5.244928116124456,0.6
9.62595799508443,5.214701546951611,0.6
9.626532600870663,5.184465273043513,0.6
9.626724146378432,5.15422414637843,0.6
9.626532600870663,5.123983019713348,0.6
9.62595799508443,5.093746745805251,0.6
9.625000421226032,5.063520176632405,0.6
9.623660032956183,5.033308162615773,0.6
9.621937045365366,5.0031155518406685,0.6
9.619831734939316,4.972947189278789,0.6
9.617344439514646,4.94280791601075,0.6
9.614475558224644,4.912702568449246,0.6
9.611225551435215,4.882635977562952,0.6
9.607594940671015,4.852612968101308,0.6
9.603584308531758,4.822638357820295,0.6
9.599194298598727,4.792716956709334,0.6
9.594425615331502,4.762853566219439,0.6
9.589279023954914,4.733052978492726,0.6
9.583755350336249,4.70331997559343,0.6
9.577855480852726,4.673659328740529,0.6
9.571580362249259,4.644075797542115,0.6
9.564931001486533,4.614574129231625,0.6
9.55790846557942,4.585159057906054,0.6
9.550513881425752,4.555835303766289,0.6
9.5427484356255,4.526607572359653,0.6
9.534613374290348,4.497480553824822,0.6
9.52611000284374,4.468458922139196,0.6
9.517239685811397,4.439547334368878,0.6
9.508003846602357,4.410750429921354,0.6
9.498403967280552,4.382072829801018,0.6
9.488441588326998,4.353519135867643,0.6
9.478118308392583,4.325093930097925,0.6
9.467435784041541,4.2968017738502216,0.6
9.456395729485621,4.2686472071325925,0.6
9.444999916309012,4.2406347478742745,0.6
9.433250173184058,4.2127688912006915,0.6
9.421148385577816,4.1850541087121265,0.6
9.408696495449487,4.157494847766174,0.6
9.395896500938807,4.130095530764072,0.6
9.382750456045402,4.1028605544410475,0.6
9.369260470299176,4.075794289160783,0.6
9.355428708421814,4.0489010782140955,0.6
9.341257389979395,4.022185237121989,0.6
9.326748789026235,3.995651052943141,0.6
9.311905233739964,3.9693027835859613,0.6
9.296729106047929,3.943144657125335,0.6
9.281222841244965,3.9171808711241463,0.6
9.265388927602615,3.8914155919597038,0.6
9.24922990596983,3.8658529541551596,0.6
9.232748369365249,3.8404970597160566,0.6
9.215946962561098,3.8153519774720768,0.6
9.198828381658785,3.7904217424241264,0.6
9.181395373656263,3.765710355096841,0.6
9.163650736007222,3.7412217808966286,0.6
9.145597316172182,3.716959949475343,0.6
9.127238011161566,3.692928754099701,0.6
9.108575767070825,3.66913205102653,0.6
9.089613578607672,3.6455736588839627,0.6
9.070354488611535,3.6222573580586657,0.6
9.05080158756527,3.599186890089203,0.6
9.030958013099232,3.57636595706564,0.6
9.010826949487797,3.5537982210354713,0.6
8.990411627138364,3.5314873034159744,0.6
8.969715322073004,3.50943678441309,0.6
8.948741355402726,3.4876502024469067,0.6
8.927493092794576,3.4661310535838568,0.6
8.905973943931524,3.444882790975705,0.6
8.884187361965342,3.4239088243054288,0.6
8.862136842962459,3.403212519240067,0.6
8.83982592534296,3.382797196890637,0.6
8.817258189312792,3.3626661332792,0.6
8.794437256289228,3.3428225588131633,0.6
8.771366788319767,3.3232696577668968,0.6
8.748050487494469,3.3040105677707596,0.6
8.724492095351902,3.2850483793076073,0.6
8.700695392278732,3.2663861352168655,0.6
8.67666419690309,3.2480268302062507,0.6
8.652402365481803,3.229973410371209,0.6
8.62791379128159,3.212228772722168,0.6
8.603202403954306,3.1947957647196468,0.6
8.578272168906356,3.1776771838173343,0.6
8.553127086662375,3.160875777013183,0.6
8.527771192223272,3.1443942404086025,0.6
8.50220855441873,3.128235218775818,0.6
8.476443275254287,3.1124013051334676,0.6
8.450479489253096,3.096895040330504,0.6
8.42432136279247,3.0817189126384683,0.6
8.397973093435292,3.066875357352197,0.6
8.371438909256442,3.0523667563990373,0.6
8.344723068164337,3.038195437956619,0.6
8.31782985721765,3.024363676079256,0.6
8.290763591937385,3.0108736903330304,0.6
8.263528615614362,2.9977276454396242,0.6
8.236129298612259,2.9849276509289453,0.6
8.208570037666306,2.9724757608006174,0.6
8.180855255177741,2.9603739731943737,0.6
8.152989398504157,2.94862423006942,0.6
8.124976939245839,2.9372284168928116,0.6
8.09682237252821,2.9261883623368914,0.6
8.068530216280507,2.915505837985849,0.6
8.04010501051079,2.9051825580514343,0.6
8.011551316577414,2.8952201790978798,0.6
7.982873716457078,2.8856202997760754,0.6
7.954076812009554,2.876384460567034,0.6
7.925165224239236,2.8675141435346916,0.6
7.89614359255361,2.8590107720880837,0.6
7.86701657401878,2.850875710752932,0.6
7.837788842612144,2.8431102649526796,0.6
7.808465088472377,2.8357156807990127,0.6
7.779050017146807,2.828693144891899,0.6
7.749548348836317,2.8220437841291726,0.6
7.719964817637903,2.8157686655257055,0.6
7.690304170785002,2.809868796042183,0.6
7.660571167885706,2.8043451224235185,0.6
7.630770580158994,2.7991985310469296,0.6
7.6009071896690985,2.794429847779705,0.6
7.570985788558137,2.7900398378466744,0.6
7.541011178277124,2.786029205707417,0.6
7.51098816881548,2.782398594943217,0.6
7.480921577929187,2.779148588153788,0.6
7.450816230367683,2.776279706863786,0.6
7.420676957099644,2.7737924114391164,0.6
7.3905085945377635,2.771687101013066,0.6
7.360315983762659,2.7699641134222497,0.6
7.330103969746027,2.7686237251524006,0.6
7.299877400573181,2.7676661512940015,0.6
7.269641126665084,2.76709154550777,0.6
7.239400000000002,2.7669000000000006,0.6
7.209235833333335,2.7669000000000006,0.6
7.179071666666668,2.7669000000000006,0.6
7.148907500000002,2.7669000000000006,0.6
7.1187433333333345,2.7669000000000006,0.6
7.088579166666668,2.7669000000000006,0.6
7.058415000000002,2.7669000000000006,0.6
7.028250833333335,2.7669000000000006,0.6
6.998086666666668,2.7669000000000006,0.6
6.967922500000001,2.7669000000000006,0.6
6.937758333333335,2.7669000000000006,0.6
6.9075941666666685,2.7669000000000006,0.6
6.877430000000001,2.7669000000000006,0.6
6.847265833333335,2.7669000000000006,0.6
6.817101666666668,2.7669000000000006,0.6
6.786937500000001,2.7669000000000006,0.6
6.756773333333335,2.7669000000000006,0.6
6.726609166666668,2.7669000000000006,0.6
6.6964450000000015,2.7669000000000006,0.6
6.666280833333335,2.7669000000000006,0.6
6.636116666666668,2.7669000000000006,0.6
6.605952500000002,2.7669000000000006,0.6
6.5757883333333345,2.7669000000000006,0.6
6.545624166666668,2.7669000000000006,0.6
6.515460000000001,2.7669000000000006,0.6
6.485295833333335,2.7669000000000006,0.6
6.455131666666668,2.7669000000000006,0.6
6.424967500000001,2.7669000000000006,0.6
6.394803333333335,2.7669000000000006,0.6
6.364639166666668,2.7669000000000006,0.6
6.334475000000001,2.7669000000000006,0.6
6.304310833333335,2.7669000000000006,0.6
6.274146666666668,2.7669000000000006,0.6
6.243982500000001,2.7669000000000006,0.6
6.213818333333334,2.7669000000000006,0.6
6.183654166666668,2.7669000000000006,0.6
6.1534900000000015,2.7669000000000006,0.6
6.123325833333334,2.7669000000000006,0.6
6.093161666666668,2.7669000000000006,0.6
6.062997500000002,2.7669000000000006,0.6
6.032833333333334,2.7669000000000006,0.6
6.002669166666668,2.7669000000000006,0.6
5.972505000000001,2.7669000000000006,0.6
5.9423408333333345,2.7669000000000006,0.6
5.912176666666667,2.7669000000000006,0.6
5.882012500000001,2.7669000000000006,0.6
5.851848333333335,2.7669000000000006,0.6
5.821684166666667,2.7669000000000006,0.6
5.791520000000001,2.7669000000000006,0.6
5.761355833333335,2.7669000000000006,0.6
5.731191666666668,2.7669000000000006,0.6
5.701027500000001,2.7669000000000006,0.6
5.670863333333335,2.7669000000000006,0.6
5.640699166666668,2.7669000000000006,0.6
5.610535000000001,2.7669000000000006,0.6
5.580370833333334,2.7669000000000006,0.6
5.550206666666668,2.7669000000000006,0.6
5.520042500000001,2.7669000000000006,0.6
5.489878333333334,2.7669000000000006,0.6
5.459714166666668,2.7669000000000006,0.6
5.429550000000001,2.7669000000000006,0.6
5.399385833333334,2.7669000000000006,0.6
5.369221666666668,2.7669000000000006,0.6
5.339057500000001,2.7669000000000006,0.6
5.308893333333335,2.7669000000000006,0.6
5.278729166666667,2.7669000000000006,0.6
5.248565000000001,2.7669000000000006,0.6
5.218400833333334,2.7669000000000006,0.6
5.1882366666666675,2.7669000000000006,0.6
5.158072500000001,2.7669000000000006,0.6
5.127908333333334,2.7669000000000006,0.6
5.097744166666668,2.7669000000000006,0.6
5.067580000000001,2.7669000000000006,0.6
5.037415833333334,2.7669000000000006,0.6
5.007251666666667,2.7669000000000006,0.6
4.977087500000001,2.7669000000000006,0.6
4.946923333333334,2.7669000000000006,0.6
4.916759166666667,2.7669000000000006,0.6
4.886595000000001,2.7669000000000006,0.6
4.856430833333334,2.7669000000000006,0.6
4.826266666666667,2.7669000000000006,0.6
4.7961025,2.7669000000000006,0.6
4.7659383333333345,2.7669000000000006,0.6
4.735774166666667,2.7669000000000006,0.6
4.70561,2.7669000000000006,0.6
4.675445833333335,2.7669000000000006,0.6
4.645281666666667,2.7669000000000006,0.6
4.6151175,2.7669000000000006,0.6
4.584953333333334,2.7669000000000006,0.6
4.5547891666666676,2.7669000000000006,0.6
4.524625,2.7669000000000006,0.6
4.494460833333334,2.7669000000000006,0.6
4.464296666666668,2.7669000000000006,0.6
4.4341325000000005,2.7669000000000006,0.6
4.403968333333333,2.7669000000000006,0.6
4.373804166666668,2.7669000000000006,0.6
4.343640000000001,2.7669000000000006,0.6
4.313475833333333,2.7669000000000006,0.6
4.283311666666668,2.7669000000000006,0.6
4.253147500000001,2.7669000000000006,0.6
4.2229833333333335,2.7669000000000006,0.6
4.192819166666667,2.7669000000000006,0.6
4.162655000000001,2.7669000000000006,0.6
4.132490833333334,2.7669000000000006,0.6
4.102326666666667,2.7669000000000006,0.6
4.072162500000001,2.7669000000000006,0.6
4.041998333333334,2.7669000000000006,0.6
4.011834166666667,2.7669000000000006,0.6
3.9816700000000007,2.7669000000000006,0.6
3.9515058333333335,2.7669000000000006,0.6
3.921341666666667,2.7669000000000006,0.6
3.891177500000001,2.7669000000000006,0.6
3.8610133333333336,2.7669000000000006,0.6
3.8308491666666673,2.7669000000000006,0.6
3.8006850000000005,2.7669000000000006,0.6
3.7705208333333338,2.7669000000000006,0.6
3.740356666666667,2.7669000000000006,0.6
3.7101925000000007,2.7669000000000006,0.6
3.6800283333333335,2.7669000000000006,0.6
3.649864166666667,2.7669000000000006,0.6
3.619700000000001,2.7669000000000006,0.6
3.5895358333333336,2.7669000000000006,0.6
3.5593716666666673,2.7669000000000006,0.6
3.5292075000000005,2.7669000000000006,0.6
3.4990433333333337,2.7669000000000006,0.6
3.468879166666667,2.7669000000000006,0.6
3.4387150000000006,2.7669000000000006,0.6
3.4085508333333334,2.7669000000000006,0.6
3.378386666666667,2.7669000000000006,0.6
3.3482225000000003,2.7669000000000006,0.6
3.3180583333333336,2.7669000000000006,0.6
3.287894166666667,2.7669000000000006,0.6
3.2577300000000005,2.7669000000000006,0.6
3.2275658333333332,2.7669000000000006,0.6
3.197401666666667,2.7669000000000006,0.6
3.1672375000000006,2.7669000000000006,0.6
3.1370733333333334,2.7669000000000006,0.6
3.106909166666667,2.7669000000000006,0.6
3.0767450000000007,2.7669000000000006,0.6
3.0465808333333335,2.7669000000000006,0.6
3.016416666666667,2.7669000000000006,0.6
2.9862525,2.7669000000000006,0.6
2.9560883333333337,2.7669000000000006,0.6
2.9259241666666664,2.7669000000000006,0.6
2.89576,2.7669000000000006,0.6
2.865595833333333,2.7669000000000006,0.6
2.8354316666666666,2.7669000000000006,0.6
2.8052675000000002,2.7669000000000006,0.6
2.775103333333333,2.7669000000000006,0.6
2.7449391666666667,2.7669000000000006,0.6
2.7147750000000004,2.7669000000000006,0.6
2.684610833333333,2.7669000000000006,0.6
2.654446666666667,2.7669000000000006,0.6
2.6242825000000005,2.7669000000000006,0.6
2.5941183333333333,2.7669000000000006,0.6
2.563954166666667,2.7669000000000006,0.6
2.5337899999999998,2.7669000000000006,0.6
2.5036258333333334,2.7669000000000006,0.6
2.4734616666666662,2.7669000000000006,0.6
2.4432975,2.7669000000000006,0.6
2.4131333333333336,2.7669000000000006,0.6
2.3829691666666672,2.7669000000000006,0.6
2.352804999999999,2.7669000000000006,0.6
2.322640833333333,2.7669000000000006,0.6
2.2924766666666665,2.7669000000000006,0.6
2.2623125,2.7669000000000006,0.6
2.232148333333334,2.7669000000000006,0.6
2.2019841666666666,2.7669000000000006,0.6
2.1718199999999994,2.7669000000000006,0.6
2.141655833333333,2.7669000000000006,0.6
2.1114916666666668,2.7669000000000006,0.6
2.0813274999999996,2.7669000000000006,0.6
2.0511633333333332,2.7669000000000006,0.6
2.020999166666667,2.7669000000000006,0.6
1.9908349999999997,2.7669000000000006,0.6
1.9606708333333325,2.7669000000000006,0.6
1.9305066666666661,2.7669000000000006,0.6
1.9003424999999998,2.7669000000000006,0.6
1.8701783333333335,2.7669000000000006,0.6
1.8400141666666672,2.7669000000000006,0.6
1.809849999999999,2.7669000000000006,0.6
1.7796858333333327,2.7669000000000006,0.6
1.7495216666666664,2.7669000000000006,0.6
1.7193575,2.7669000000000006,0.6
1.6891933333333329,2.7669000000000006,0.6
1.6590291666666666,2.7669000000000006,0.6
1.6288649999999993,2.7669000000000006,0.6
1.598700833333333,2.7669000000000006,0.6
1.5685366666666658,2.7669000000000006,0.6
1.5383724999999995,2.7669000000000006,0.6
1.5082083333333332,2.7669000000000006,0.6
1.4780441666666668,2.7669000000000006,0.6
1.4478799999999987,2.7669000000000006,0.6
1.4177158333333324,2.7669000000000006,0.6
1.387551666666666,2.7669000000000006,0.6
1.3573874999999997,2.7669000000000006,0.6
1.3272233333333334,2.7669000000000006,0.6
1.2970591666666662,2.7669000000000006,0.6
1.2668949999999999,2.7669000000000006,0.6
1.2367308333333327,2.7669000000000006,0.6
1.2065666666666663,2.7669000000000006,0.6
1.1764024999999991,2.7669000000000006,0.6
1.1462383333333328,2.7669000000000006,0.6
1.1160741666666665,2.7669000000000006,0.6
1.0859100000000002,2.7669000000000006,0.6
1.055745833333332,2.7669000000000006,0.6
1.0255816666666657,2.7669000000000006,0.6
0.9954174999999994,2.7669000000000006,0.6
0.9652533333333331,2.7669000000000006,0.6
0.9350891666666667,2.7669000000000006,0.6
0.9049249999999995,2.7669000000000006,0.6
0.8747608333333323,2.7669000000000006,0.6
0.844596666666666,2.7669000000000006,0.6
0.8144324999999997,2.7669000000000006,0.6
0.7842683333333325,2.7669000000000006,0.6
0.7541041666666661,2.7669000000000006,0.6
0.7239399999999998,2.7669000000000006,0.6
0.6937758333333326,2.7669000000000006,0.6
0.6636116666666654,2.7669000000000006,0.6
0.633447499999999,2.7669000000000006,0.6
0.6032833333333327,2.7669000000000006,0.6
0.5731191666666664,2.7669000000000006,0.6
0.5429550000000001,2.7669000000000006,0.6
0.512790833333332,2.7669000000000006,0.6
0.48262666666666565,2.7669000000000006,0.6
0.4524624999999993,2.7669000000000006,0.6
0.422298333333333,2.7669000000000006,0.6
0.3921341666666658,2.7669000000000006,0.6
0.36196999999999946,2.7669000000000006,0.6
0.33180583333333225,2.7669000000000006,0.6
0.3016416666666659,2.7669000000000006,0.6
0.2714774999999987,2.7669000000000006,0.6
0.24131333333333238,2.7669000000000006,0.6
0.21114916666666605,2.7669000000000006,0.6
0.18098499999999973,2.7669000000000006,0.6
0.15082083333333163,2.7669000000000006,0.6
0.1206566666666653,2.7669000000000006,0.6
0.09049249999999898,2.7669000000000006,0.6
0.06032833333333265,2.7669000000000006,0.6
0.030164166666666326,2.7669000000000006,0.6
0.0,2.7669000000000006,0.6
-0.030390816435557955,2.7665661559234214,0.6
-0.060766965490221245,2.765564784815325,0.6
-0.09111378686194609,2.7638963699628745,0.6
-0.12141663440297436,2.761561716585508,0.6
-0.151660883188437,2.7585619514463193,0.6
-0.18183193657471466,2.754898522308253,0.6
-0.2119152332441488,2.750573197235377,0.6
-0.24189625423270494,2.745588063739571,0.6
-0.27176052993719263,2.73994552777304,0.6
-0.3014936470986645,2.733648312567138,0.6
-0.3310812557586218,2.7266994573180723,0.6
-0.360509076184669,2.7191023157201046,0.6
-0.38976290576227596,2.710860554346977,0.6
-0.41882862584932085,2.701978150882328,0.6
-0.4476922085901055,2.6924593921999627,0.6
-0.47633972368555666,2.682308872294896,0.6
-0.5047573451163408,2.6715314900661777,0.6
-0.5329313578156536,2.660132446952556,0.6
-0.5608481642884601,2.648117244422131,0.6
-0.5884942911739911,2.635491681317209,0.6
-0.6158563957483302,2.6222618510556304,0.6
-0.6429212723639517,2.608434138689934,0.6
-0.6696758588231012,2.5940152178257656,0.6
-0.6961072426819453,2.5790120474010294,0.6
-0.722202667482445,2.5634318683273243,0.6
-0.7479495389089468,2.5472821999952977,0.6
-0.7733354308665192,2.530570836645598,0.6
-0.7983480914781036,2.5133058436071707,0.6
-0.82297544899758,2.49549555340473,0.6
-0.8472056176358995,2.477148561737271,0.6
-0.8710269032974698,2.4582737233295617,0.6
-0.8944278092240187,2.438880147658633,0.6
-0.9173970415432284,2.41897719455731,0.6
-0.9399235147194389,2.3985744696969222,0.6
-0.9619963569038156,2.3776818199513574,0.6
-0.9836049151813747,2.356309328644713,0.6
-1.0047387607123546,2.334467310684828,0.6
-1.0253876937654371,2.3121663075850445,0.6
-1.0455417486403986,2.2894170823766054,0.6
-1.0651911984778093,2.266230614414142,0.6
-1.0843265599534628,2.242618094076759,0.6
-1.1029385978552713,2.218590917367272,0.6
-1.121018329540412,2.1941606804122085,0.6
-1.1385570292705791,2.169339173865218,0.6
-1.1555462324232486,2.144138377216608,0.6
-1.1719777395769184,2.118570453011735,0.6
-1.187843620468359,2.092647740981049,0.6
-1.2031362178199592,2.0663827520846287,0.6
-1.2178481510353243,2.0397881624740735,0.6
-1.231972319761339,2.012876807374667,0.6
-1.2455019073149771,1.9856616748907774,0.6
-1.2584303839732087,1.9581558997374602,0.6
-1.2707515101244078,1.9303727569013183,0.6
-1.28245933927975,1.9023256552336485,0.6
-1.2935482209431373,1.8740281309789966,0.6
-1.304012803338273,1.8454938412422133,0.6
-1.313848035991563,1.8167365573971963,0.6
-1.323049172169605,1.7877701584404668,0.6
-1.3316117711700803,1.7586086242928216,0.6
-1.3395317004649527,1.7292660290522592,0.6
-1.3468051376949288,1.6997565342014684,0.6
-1.3534285725142272,1.6700943817731337,0.6
-1.3593988082847606,1.6402938874763693,0.6
-1.364712963618914,1.6103694337875927,0.6
-1.3693684737701766,1.5803354630091766,0.6
-1.373363091870953,1.550206470299227,0.6
-1.3766948900169589,1.5199969966758498,0.6
-1.379362260197676,1.4897216219992868,0.6
-1.3813639150724206,1.459394957935304,0.6
-1.382698888591645,1.4290316409032309,0.6
-1.383366536463178,1.3986463250120487,0.6
-1.383366536463178,1.3682536749879521,0.6
-1.382698888591645,1.3378683590967702,0.6
-1.3813639150724206,1.307505042064697,0.6
-1.379362260197676,1.2771783780007135,0.6
-1.3766948900169589,1.246903003324151,0.6
-1.373363091870953,1.2166935297007733,0.6
-1.3693684737701768,1.1865645369908242,0.6
-1.364712963618914,1.1565305662124077,0.6
-1.3593988082847606,1.1266061125236315,0.6
-1.3534285725142272,1.096805618226867,0.6
-1.3468051376949288,1.0671434657985324,0.6
-1.3395317004649527,1.0376339709477416,0.6
-1.3316117711700806,1.0082913757071792,0.6
-1.323049172169605,0.9791298415595335,0.6
-1.3138480359915632,0.9501634426028047,0.6
-1.304012803338273,0.9214061587577871,0.6
-1.2935482209431375,0.8928718690210042,0.6
-1.2824593392797499,0.8645743447663519,0.6
-1.270751510124408,0.8365272430986826,0.6
-1.258430383973209,0.8087441002625408,0.6
-1.2455019073149771,0.7812383251092236,0.6
-1.231972319761339,0.7540231926253335,0.6
-1.2178481510353245,0.7271118375259275,0.6
-1.2031362178199592,0.7005172479153717,0.6
-1.1878436204683587,0.6742522590189515,0.6
-1.1719777395769184,0.6483295469882661,0.6
-1.1555462324232486,0.6227616227833926,0.6
-1.1385570292705793,0.5975608261347829,0.6
-1.1210183295404121,0.5727393195877926,0.6
-1.1029385978552717,0.5483090826327285,0.6
-1.084326559953463,0.5242819059232419,0.6
-1.0651911984778095,0.500669385585859,0.6
-1.045541748640399,0.47748291762339556,0.6
-1.0253876937654376,0.4547336924149562,0.6
-1.0047387607123548,0.43243268931517254,0.6
-0.9836049151813748,0.4105906713552877,0.6
-0.9619963569038157,0.3892181800486436,0.6
-0.9399235147194392,0.36832553030307835,0.6
-0.9173970415432283,0.3479228054426904,0.6
-0.894427809224019,0.32801985234136777,0.6
-0.8710269032974692,0.3086262766704386,0.6
-0.8472056176358999,0.28975143826272975,0.6
-0.8229754489975803,0.2714044465952705,0.6
-0.7983480914781035,0.2535941563928299,0.6
-0.7733354308665185,0.23632916335440224,0.6
-0.7479495389089464,0.21961780000470243,0.6
-0.7222026674824453,0.20346813167267652,0.6
-0.6961072426819461,0.18788795259897184,0.6
-0.6696758588231015,0.1728847821742352,0.6
-0.6429212723639515,0.15846586131006668,0.6
-0.6158563957483305,0.14463814894437022,0.6
-0.5884942911739919,0.1314083186827919,0.6
-0.5608481642884603,0.11878275557786955,0.6
-0.5329313578156534,0.10676755304744479,0.6
-0.5047573451163411,0.09536850993382284,0.6
-0.4763397236855576,0.08459112770510502,0.6
-0.44769220859010583,0.07444060780003814,0.6
-0.4188286258493203,0.0649218491176724,0.6
-0.389762905762276,0.056039445653023545,0.6
-0.3605090761846696,0.04779768427989617,0.6
-0.33108125575862185,0.0402005426819283,0.6
-0.30149364709866394,0.03325168743286233,0.6
-0.27176052993719263,0.02695447222696079,0.6
-0.2418962542327056,0.021311936260429487,0.6
-0.2119152332441488,0.016326802764623505,0.6
-0.1818319365747138,0.012001477691747642,0.6
-0.15166088318843673,0.008338048553681254,0.6
-0.12141663440297469,0.005338283414492384,0.6
-0.09111378686194703,0.003003630037126115,0.6
-0.06076696549022159,0.0013352151846757199,0.6
-0.030390816435557678,0.000333844076579215,0.6
-2.541356421420609e-16,0.0,0.6
