x,y,uref
0.0,0.0,0.4
0.0205,0.0,0.41
0.0415,0.0,0.42
0.063,0.0,0.43
0.085,0.0,0.44
0.1075,0.0,0.45
0.1305,0.0,0.46
0.154,0.0,0.47
0.178,0.0,0.48
0.2025,0.0,0.49
0.2275,0.0,0.5
0.253,0.0,0.51
0.279,0.0,0.52
0.3055,0.0,0.53
0.3325,0.0,0.54
0.36,0.0,0.55
0.388,0.0,0.56
0.4165,0.0,0.57
0.4455,0.0,0.58
0.475,0.0,0.59
0.505,0.0,0.6
0.5355,0.0,0.61
0.5665,0.0,0.62
0.598,0.0,0.63
0.63,0.0,0.64
0.6625,0.0,0.65
0.6955,0.0,0.66
0.729,0.0,0.67
0.763,0.0,0.68
0.7975,0.0,0.69
0.8325,0.0,0.7
0.868,0.0,0.71
0.904,0.0,0.72
0.9405,0.0,0.73
0.9775,0.0,0.74
1.015,0.0,0.75
1.053,0.0,0.76
1.0915,0.0,0.77
1.1305,0.0,0.78
1.17,0.0,0.79
1.21,0.0,0.8
1.25,0.0,0.8
1.29,0.0,0.8
1.33,0.0,0.8
1.37,0.0,0.8
1.41,0.0,0.8
1.45,0.0,0.8
1.49,0.0,0.8
1.53,0.0,0.8
1.57,0.0,0.8
1.61,0.0,0.8
1.65,0.0,0.8
1.69,0.0,0.8
1.73,0.0,0.8
1.77,0.0,0.8
1.81,0.0,0.8
1.85,0.0,0.8
1.89,0.0,0.8
1.93,0.0,0.8
1.97,0.0,0.8
2.01,0.0,0.8
2.05,0.0,0.8
2.09,0.0,0.8
2.13,0.0,0.8
2.17,0.0,0.8
2.21,0.0,0.8
2.25,0.0,0.8
2.29,0.0,0.8
2.33,0.0,0.8
2.37,0.0,0.8
2.41,0.0,0.8
2.45,0.0,0.8
2.49,0.0,0.8
2.53,0.0,0.8
2.57,0.0,0.8
2.61,0.0,0.8
2.65,0.0,0.8
2.69,0.0,0.8
2.73,0.0,0.8
2.77,0.0,0.8
2.81,0.0,0.8
2.85,0.0,0.8
2.89,0.0,0.8
2.93,0.0,0.8
2.97,0.0,0.8
3.01,0.0,0.8
3.05,0.0,0.8
3.09,0.0,0.8
3.13,0.0,0.8
3.17,0.0,0.8
3.21,0.0,0.8
3.25,0.0,0.8
3.29,0.0,0.8
3.33,0.0,0.8
3.37,0.0,0.8
3.41,0.0,0.8
3.45,0.0,0.8
3.49,0.0,0.8
3.53,0.0,0.8
3.57,0.0,0.8
3.61,0.0,0.8
3.65,0.0,0.8
3.69,0.0,0.8
3.73,0.0,0.8
3.77,0.0,0.8
3.81,0.0,0.8
3.85,0.0,0.8
3.89,0.0,0.8
3.93,0.0,0.8
3.97,0.0,0.8
4.01,0.0,0.8
4.05,0.0,0.8
4.09,0.0,0.8
4.13,0.0,0.8
4.17,0.0,0.8
4.21,0.0,0.8
4.25,0.0,0.8
4.29,0.0,0.8
4.33,0.0,0.8
4.37,0.0,0.8
4.41,0.0,0.8
4.45,0.0,0.8
4.49,0.0,0.8
4.53,0.0,0.8
4.57,0.0,0.8
4.61,0.0,0.8
4.65,0.0,0.8
4.69,0.0,0.8
4.73,0.0,0.8
4.77,0.0,0.8
4.81,0.0,0.8
4.85,0.0,0.8
4.89,0.0,0.8
4.93,0.0,0.8
4.97,0.0,0.8
5.01,0.0,0.8
5.03,0.0,0.4
5.05,0.0003,0.4
5.07,0.0008,0.4
5.09,0.0017,0.4
5.1099,0.0028,0.4
5.1299,0.0042,0.4
5.1498,0.0059,0.4
5.1697,0.0078,0.4
5.1896,0.0101,0.4
5.2094,0.0126,0.4
5.2292,0.0154,0.4
5.249,0.0184,0.4
5.2687,0.0218,0.4
5.2884,0.0254,0.4
5.308,0.0293,0.4
5.3276,0.0334,0.4
5.3471,0.0379,0.4
5.3665,0.0426,0.4
5.3859,0.0476,0.4
5.4052,0.0528,0.4
5.4244,0.0583,0.4
5.4436,0.0641,0.4
5.4626,0.0702,0.4
5.4816,0.0765,0.4
5.5005,0.0831,0.4
5.5193,0.0899,0.4
5.538,0.097,0.4
5.5566,0.1044,0.4
5.575,0.112,0.4
5.5934,0.1199,0.4
5.6117,0.1281,0.4
5.6298,0.1365,0.4
5.6479,0.1451,0.4
5.6658,0.154,0.4
5.6836,0.1632,0.4
5.7012,0.1726,0.4
5.7187,0.1822,0.4
5.7361,0.1921,0.4
5.7534,0.2022,0.4
5.7705,0.2126,0.4
5.7874,0.2232,0.4
5.8042,0.2341,0.4
5.8209,0.2452,0.4
5.8374,0.2565,0.4
5.8537,0.268,0.4
5.8699,0.2798,0.4
5.8859,0.2918,0.4
5.9017,0.304,0.4
5.9174,0.3164,0.4
5.9328,0.3291,0.4
5.9482,0.342,0.4
5.9633,0.355,0.4
5.9782,0.3683,0.4
5.993,0.3818,0.4
6.0076,0.3955,0.4
6.0219,0.4094,0.4
6.0361,0.4236,0.4
6.0501,0.4379,0.4
6.0639,0.4524,0.4
6.0774,0.467,0.4
6.0908,0.4819,0.4
6.1039,0.497,0.4
6.1169,0.5122,0.4
6.1296,0.5277,0.4
6.1421,0.5433,0.4
6.1544,0.559,0.4
6.1665,0.575,0.4
6.1784,0.5911,0.4
6.19,0.6074,0.4
6.2014,0.6238,0.4
6.2125,0.6404,0.4
6.2235,0.6572,0.4
6.2342,0.6741,0.4
6.2446,0.6911,0.4
6.2548,0.7083,0.4
6.2648,0.7256,0.4
6.2745,0.7431,0.4
6.284,0.7607,0.4
6.2933,0.7784,0.4
6.3023,0.7963,0.4
6.311,0.8143,0.4
6.3195,0.8324,0.4
6.3277,0.8506,0.4
6.3357,0.869,0.4
6.3434,0.8874,0.4
6.3509,0.906,0.4
6.3581,0.9246,0.4
6.365,0.9434,0.4
6.3717,0.9622,0.4
6.3781,0.9812,0.4
6.3843,1.0002,0.4
6.3901,1.0193,0.4
6.3958,1.0385,0.4
6.4011,1.0578,0.4
6.4062,1.0772,0.4
6.411,1.0966,0.4
6.4155,1.116,0.4
6.4198,1.1356,0.4
6.4238,1.1552,0.4
6.4275,1.1748,0.4
6.4309,1.1945,0.4
6.4341,1.2143,0.4
6.437,1.2341,0.4
6.4396,1.2539,0.4
6.4419,1.2738,0.4
6.4439,1.2937,0.4
6.4457,1.3136,0.4
6.4472,1.3335,0.4
6.4484,1.3535,0.4
6.4494,1.3735,0.4
6.45,1.3935,0.4
6.451,1.4134,0.4
6.4522,1.4334,0.4
6.4537,1.4533,0.4
6.4554,1.4733,0.4
6.4575,1.4932,0.4
6.4598,1.513,0.4
6.4624,1.5329,0.4
6.4653,1.5526,0.4
6.4685,1.5724,0.4
6.4719,1.5921,0.4
6.4756,1.6118,0.4
6.4796,1.6314,0.4
6.4839,1.6509,0.4
6.4884,1.6704,0.4
6.4932,1.6898,0.4
6.4983,1.7091,0.4
6.5036,1.7284,0.4
6.5092,1.7476,0.4
6.5151,1.7667,0.4
6.5213,1.7857,0.4
6.5277,1.8047,0.4
6.5344,1.8235,0.4
6.5413,1.8423,0.4
6.5485,1.861,0.4
6.556,1.8795,0.4
6.5637,1.898,0.4
6.5717,1.9163,0.4
6.5799,1.9345,0.4
6.5884,1.9526,0.4
6.5971,1.9706,0.4
6.6061,1.9885,0.4
6.6154,2.0062,0.4
6.6248,2.0238,0.4
6.6346,2.0413,0.4
6.6446,2.0586,0.4
6.6548,2.0758,0.4
6.6652,2.0929,0.4
6.6759,2.1098,0.4
6.6869,2.1265,0.4
6.698,2.1431,0.4
6.7094,2.1596,0.4
6.721,2.1758,0.4
6.7329,2.192,0.4
6.7449,2.2079,0.4
6.7572,2.2237,0.4
6.7698,2.2393,0.4
6.7825,2.2547,0.4
6.7954,2.27,0.4
6.8086,2.285,0.4
6.822,2.2999,0.4
6.8355,2.3146,0.4
6.8493,2.3291,0.4
6.8633,2.3434,0.4
6.8775,2.3575,0.4
6.8918,2.3714,0.4
6.9064,2.3851,0.4
6.9212,2.3986,0.4
6.9361,2.4119,0.4
6.9512,2.425,0.4
6.9665,2.4379,0.4
6.982,2.4505,0.4
6.9977,2.4629,0.4
7.0135,2.4752,0.4
7.0295,2.4872,0.4
7.0457,2.4989,0.4
7.062,2.5105,0.4
7.0785,2.5218,0.4
7.0952,2.5329,0.4
7.112,2.5437,0.4
7.1289,2.5543,0.4
7.146,2.5647,0.4
7.1633,2.5748,0.4
7.1807,2.5847,0.4
7.1982,2.5944,0.4
7.2158,2.6038,0.4
7.2336,2.6129,0.4
7.2515,2.6218,0.4
7.2695,2.6305,0.4
7.2877,2.6389,0.4
7.306,2.647,0.4
7.3243,2.6549,0.4
7.3428,2.6625,0.4
7.3614,2.6699,0.4
7.3801,2.677,0.4
7.3989,2.6839,0.4
7.4178,2.6905,0.4
7.4368,2.6968,0.4
7.4558,2.7028,0.4
7.475,2.7086,0.4
7.4942,2.7141,0.4
7.5135,2.7194,0.4
7.5329,2.7244,0.4
7.5523,2.7291,0.4
7.5718,2.7335,0.4
7.5914,2.7377,0.4
7.611,2.7416,0.4
7.6307,2.7452,0.4
7.6504,2.7485,0.4
7.6701,2.7516,0.4
7.6899,2.7544,0.4
7.7098,2.7569,0.4
7.7297,2.7591,0.4
7.7496,2.7611,0.4
7.7695,2.7627,0.4
7.7894,2.7641,0.4
7.8094,2.7653,0.4
7.8294,2.7661,0.4
7.8494,2.7667,0.4
7.8694,2.7669,0.4
7.8899,2.7669,0.41
7.9109,2.7669,0.42
7.9324,2.7669,0.43
7.9544,2.7669,0.44
7.9769,2.7669,0.45
7.9999,2.7669,0.46
8.0234,2.7669,0.47
8.0474,2.7669,0.48
8.0719,2.7669,0.49
8.0969,2.7669,0.5
8.1224,2.7669,0.51
8.1484,2.7669,0.52
8.1749,2.7669,0.53
8.2019,2.7669,0.54
8.2294,2.7669,0.55
8.2574,2.7669,0.56
8.2859,2.7669,0.57
8.3149,2.7669,0.58
8.3444,2.7669,0.59
8.3744,2.7669,0.6
8.4049,2.7669,0.61
8.4359,2.7669,0.62
8.4674,2.7669,0.63
8.4994,2.7669,0.64
8.5319,2.7669,0.65
8.5649,2.7669,0.66
8.5984,2.7669,0.67
8.6324,2.7669,0.68
8.6669,2.7669,0.69
8.7019,2.7669,0.7
8.7374,2.7669,0.71
8.7734,2.7669,0.72
8.8099,2.7669,0.73
8.8469,2.7669,0.74
8.8844,2.7669,0.75
8.9224,2.7669,0.76
8.9609,2.7669,0.77
8.9999,2.7669,0.78
9.0394,2.7669,0.79
9.0794,2.7669,0.8
9.1194,2.7669,0.8
9.1594,2.7669,0.8
9.1994,2.7669,0.8
9.2394,2.7669,0.8
9.2794,2.7669,0.8
9.3194,2.7669,0.8
9.3594,2.7669,0.8
9.3994,2.7669,0.8
9.4394,2.7669,0.8
9.4794,2.7669,0.8
9.5194,2.7669,0.8
9.5594,2.7669,0.8
9.5994,2.7669,0.8
9.6394,2.7669,0.8
9.6794,2.7669,0.8
9.7194,2.7669,0.8
9.7594,2.7669,0.8
9.7994,2.7669,0.8
9.8394,2.7669,0.8
9.8794,2.7669,0.8
9.9194,2.7669,0.8
9.9594,2.7669,0.8
9.9994,2.7669,0.8
10.0394,2.7669,0.8
10.0794,2.7669,0.8
10.1194,2.7669,0.8
10.1594,2.7669,0.8
10.1994,2.7669,0.8
10.2394,2.7669,0.8
10.2794,2.7669,0.8
10.3194,2.7669,0.8
10.3594,2.7669,0.8
10.3994,2.7669,0.8
10.4394,2.7669,0.8
10.4794,2.7669,0.8
10.5194,2.7669,0.8
10.5594,2.7669,0.8
10.5994,2.7669,0.8
10.6394,2.7669,0.8
10.6794,2.7669,0.8
10.7194,2.7669,0.8
10.7594,2.7669,0.8
10.7994,2.7669,0.8
10.8394,2.7669,0.8
10.8794,2.7669,0.8
10.9194,2.7669,0.8
10.9594,2.7669,0.8
10.9994,2.7669,0.8
11.0394,2.7669,0.8
11.0794,2.7669,0.8
11.1194,2.7669,0.8
11.1594,2.7669,0.8
11.1994,2.7669,0.8
11.2394,2.7669,0.8
11.2794,2.7669,0.8
11.3194,2.7669,0.8
11.3594,2.7669,0.8
11.3994,2.7669,0.8
11.4394,2.7669,0.8
11.4794,2.7669,0.8
11.5194,2.7669,0.8
11.5594,2.7669,0.8
11.5994,2.7669,0.8
11.6394,2.7669,0.8
11.6794,2.7669,0.8
11.7194,2.7669,0.8
11.7594,2.7669,0.8
11.7994,2.7669,0.8
11.8394,2.7669,0.8
11.8794,2.7669,0.8
11.9194,2.7669,0.8
11.9594,2.7669,0.8
11.9994,2.7669,0.8
12.0394,2.7669,0.8
12.0794,2.7669,0.8
12.1194,2.7669,0.8
12.1594,2.7669,0.8
12.1994,2.7669,0.8
12.2394,2.7669,0.8
12.2794,2.7669,0.8
12.3194,2.7669,0.8
12.3594,2.7669,0.8
12.3994,2.7669,0.8
12.4394,2.7669,0.8
12.4794,2.7669,0.8
12.5194,2.7669,0.8
12.5594,2.7669,0.8
12.5994,2.7669,0.8
12.6394,2.7669,0.8
12.6794,2.7669,0.8
12.7194,2.7669,0.8
12.7594,2.7669,0.8
12.7994,2.7669,0.8
12.8394,2.7669,0.8
12.8794,2.7669,0.8
12.9194,2.7669,0.8
12.9594,2.7669,0.8
12.9994,2.7669,0.8
13.0394,2.7669,0.8
13.0794,2.7669,0.8
13.1194,2.7669,0.8
13.1594,2.7669,0.8
13.1994,2.7669,0.8
13.2394,2.7669,0.8
13.254474750695891,2.7670189942453556,0.3
13.269545744447873,2.7673759473255615,0.3
13.28460922524834,2.767970770280426,0.3
13.29966143896208,2.7688033148675997,0.3
13.314698634261868,2.769873373599517,0.3
13.329717063563386,2.7711806797951084,0.3
13.344712983959194,2.7727249076462623,0.3
13.359682658151547,2.7745056722990245,0.3
13.3746223553838,2.77652252994951,0.3
13.389528352370197,2.7787749779545097,0.3
13.40439693422379,2.7812624549567593,0.3
13.419224395382265,2.7839843410248397,0.3
13.43400704053145,2.78693995780768,0.3
13.44874118552626,2.790128568703614,0.3
13.463423158308862,2.7935493790439585,0.3
13.47804929982384,2.79720153629106,0.3
13.492615964930094,2.8010841302507665,0.3
13.507119523309294,2.805196193299266,0.3
13.521556360370631,2.809536700624239,0.3
13.535922878151643,2.8141045704802616,0.3
13.550215496214912,2.818898664458403,0.3
13.564430652540374,2.823917787769936,0.3
13.578564804413059,2.8291606895441084,0.3
13.592614429306,2.834626063139881,0.3
13.606576025758127,2.8403125464715746,0.3
13.620446114246908,2.8462187223483273,0.3
13.634221238055504,2.8523431188272896,0.3
13.647897964134275,2.8586842095804634,0.3
13.661472883956353,2.8652404142750934,0.3
13.674942614367124,2.872010098967521,0.3
13.688303798427379,2.8789915765103964,0.3
13.701553106249941,2.886183106973152,0.3
13.71468723582953,2.8935828980756275,0.3
13.727702913865702,2.9011891056347467,0.3
13.740596896578623,2.9089998340241237,0.3
13.75336597051748,2.917013136646495,0.3
13.76600695336135,2.9252270164188494,0.3
13.778516694712293,2.933639426270147,0.3
13.790892076880503,2.9422482696514902,0.3
13.803130015661296,2.951051401058625,0.3
13.815227461103763,2.960046626566651,0.3
13.82718139827088,2.969231704376789,0.3
13.8389888479909,2.9786043453750874,0.3
13.850646867599805,2.9881622137029136,0.3
13.862152551674708,2.997902927339103,0.3
13.873503032757922,3.0078240586936076,0.3
13.884695482071601,3.0179231352124987,0.3
13.895727110222731,3.028197639994185,0.3
13.906595167898304,3.038645012416673,0.3
13.917296946550499,3.049262648775729,0.3
13.927829779071716,3.060047902933776,0.3
13.938191040459277,3.0709980869793703,0.3
13.948378148469619,3.082110471897079,0.3
13.95838856426186,3.0933822882476134,0.3
13.968219793030517,3.1048107268580285,0.3
13.977869384627272,3.1163929395218304,0.3
13.987334934171603,3.128126039708804,0.3
13.996614082650115,3.140007103284403,0.3
14.005704517504476,3.1520331692385017,0.3
14.014603973207743,3.1642012404233415,0.3
14.023310231828978,3.1765082843004824,0.3
14.03182112358601,3.188951233696578,0.3
14.040134527386185,3.2015269875677763,0.3
14.048248371354987,3.2142324117725654,0.3
14.056160633352397,3.227064339852868,0.3
14.063869341476845,3.2400195738231905,0.3
14.071372574556657,3.253094884967623,0.3
14.078668462628846,3.2662870146445098,0.3
14.085755187405148,3.2795926750985673,0.3
14.09263098272518,3.2930085502802595,0.3
14.099294134996596,3.3065312966722327,0.3
14.10574298362216,3.3201575441225866,0.3
14.111975921413599,3.333883896684785,0.3
14.117991394992142,3.347706933464001,0.3
14.12378790517566,3.361623209469674,0.3
14.129364007352295,3.375629256474073,0.3
14.134718311840482,3.3897215838766535,0.3
14.139849484235292,3.403896679573983,0.3
14.14475624574099,3.4181510108350386,0.3
14.14943737348974,3.4324810251816333,0.3
14.15389170084637,3.446883151273766,0.3
14.158118117699116,3.4613537997996793,0.3
14.162115570736297,3.475889364370389,0.3
14.165883063708808,3.4904862224184683,0.3
14.169419657678418,3.5051407361008744,0.3
14.172724471251765,3.5198492532055714,0.3
14.17579668080002,3.534608108061735,0.3
14.17863552066416,3.5494136224533217,0.3
14.181240283345772,3.564262106535753,0.3
14.183610319683389,3.5791498597555,0.3
14.18574503901427,3.5940731717723433,0.3
14.1876439093216,3.609028323384067,0.3
14.189306457367094,3.624011587453359,0.3
14.190732268808922,3.6390192298366943,0.3
14.19192098830498,3.6540475103149594,0.3
14.19287231960145,3.669092683525596,0.3
14.193586025606628,3.6841509998960245,0.3
14.194061928450015,3.69921870657811,0.3
14.194299909526645,3.7142920483834585,0.3
14.194299909526645,3.7293672687192854,0.3
14.194061928450015,3.744440610524634,0.3
14.193586025606628,3.7595083172067194,0.3
14.19287231960145,3.7745666335771477,0.3
14.19192098830498,3.7896118067877844,0.3
14.190732268808922,3.8046400872660495,0.3
14.189306457367094,3.8196477296493847,0.3
14.1876439093216,3.834630993718677,0.3
14.18574503901427,3.8495861453304006,0.3
14.183610319683389,3.864509457347244,0.3
14.181240283345772,3.879397210566992,0.3
14.17863552066416,3.894245694649422,0.3
14.17579668080002,3.909051209041009,0.3
14.172724471251765,3.9238100638971725,0.3
14.169419657678418,3.9385185810018695,0.3
14.165883063708808,3.9531730946842756,0.3
14.162115570736297,3.967769952732355,0.3
14.158118117699116,3.9823055173030646,0.3
14.15389170084637,3.9967761658289778,0.3
14.14943737348974,4.0111782919211105,0.3
14.14475624574099,4.025508306267705,0.3
14.139849484235292,4.039762637528761,0.3
14.134718311840482,4.053937733226091,0.3
14.129364007352295,4.06803006062867,0.3
14.12378790517566,4.08203610763307,0.3
14.117991394992142,4.0959523836387435,0.3
14.111975921413599,4.10977542041796,0.3
14.10574298362216,4.123501772980157,0.3
14.099294134996596,4.137128020430511,0.3
14.09263098272518,4.150650766822485,0.3
14.085755187405148,4.164066642004177,0.3
14.078668462628846,4.177372302458234,0.3
14.071372574556657,4.190564432135121,0.3
14.063869341476845,4.203639743279553,0.3
14.056160633352397,4.216594977249876,0.3
14.048248371354987,4.229426905330179,0.3
14.040134527386185,4.242132329534967,0.3
14.03182112358601,4.254708083406166,0.3
14.023310231828978,4.2671510328022615,0.3
14.014603973207743,4.279458076679402,0.3
14.005704517504476,4.291626147864243,0.3
13.996614082650115,4.30365221381834,0.3
13.987334934171603,4.315533277393939,0.3
13.977869384627272,4.327266377580914,0.3
13.968219793030517,4.338848590244716,0.3
13.95838856426186,4.350277028855131,0.3
13.948378148469619,4.361548845205665,0.3
13.938191040459277,4.372661230123374,0.3
13.927829779071716,4.383611414168968,0.3
13.917296946550499,4.3943966683270155,0.3
13.906595167898304,4.4050143046860715,0.3
13.895727110222731,4.415461677108559,0.3
13.884695482071601,4.425736181890246,0.3
13.873503032757922,4.435835258409137,0.3
13.862152551674708,4.445756389763641,0.3
13.850646867599805,4.45549710339983,0.3
13.8389888479909,4.465054971727657,0.3
13.82718139827088,4.474427612725955,0.3
13.815227461103763,4.483612690536093,0.3
13.803130015661296,4.492607916044119,0.3
13.790892076880503,4.5014110474512545,0.3
13.778516694712295,4.510019890832597,0.3
13.766006953361352,4.5184323006838945,0.3
13.75336597051748,4.5266461804562494,0.3
13.740596896578623,4.53465948307862,0.3
13.727702913865702,4.542470211467998,0.3
13.71468723582953,4.550076419027117,0.3
13.701553106249941,4.557476210129592,0.3
13.688303798427379,4.5646677405923475,0.3
13.674942614367124,4.5716492181352235,0.3
13.661472883956353,4.578418902827651,0.3
13.647897964134277,4.584975107522281,0.3
13.634221238055506,4.591316198275454,0.3
13.620446114246908,4.597440594754417,0.3
13.606576025758129,4.60334677063117,0.3
13.592614429306,4.609033253962863,0.3
13.578564804413059,4.6144986275586355,0.3
13.564430652540375,4.619741529332808,0.3
13.550215496214912,4.624760652644341,0.3
13.535922878151645,4.629554746622483,0.3
13.521556360370631,4.634122616478505,0.3
13.507119523309296,4.6384631238034775,0.3
13.492615964930096,4.642575186851977,0.3
13.47804929982384,4.6464577808116845,0.3
13.463423158308863,4.650109938058786,0.3
13.44874118552626,4.65353074839913,0.3
13.434007040531451,4.656719359295064,0.3
13.419224395382267,4.659674976077905,0.3
13.40439693422379,4.662396862145985,0.3
13.389528352370197,4.664884339148235,0.3
13.374622355383801,4.667136787153234,0.3
13.359682658151547,4.669153644803719,0.3
13.344712983959194,4.670934409456482,0.3
13.329717063563386,4.672478637307636,0.3
13.314698634261868,4.673785943503227,0.3
13.29966143896208,4.674856002235145,0.3
13.28460922524834,4.675688546822318,0.3
13.269545744447871,4.676283369777183,0.3
13.254474750695891,4.676640322857389,0.3
13.2394,4.676759317102745,0.3
13.234888721804511,4.676759317102745,0.3
13.230377443609022,4.676759317102745,0.3
13.225866165413533,4.676759317102745,0.3
13.221354887218045,4.676759317102745,0.3
13.216843609022556,4.676759317102745,0.3
13.212332330827067,4.676759317102745,0.3
13.207821052631578,4.676759317102745,0.3
13.20330977443609,4.676759317102745,0.3
13.1987984962406,4.676759317102745,0.3
13.194287218045112,4.676759317102745,0.3
13.189775939849623,4.676759317102745,0.3
13.185264661654136,4.676759317102745,0.3
13.180753383458647,4.676759317102745,0.3
13.176242105263158,4.676759317102745,0.3
13.17173082706767,4.676759317102745,0.3
13.16721954887218,4.676759317102745,0.3
13.162708270676692,4.676759317102745,0.3
13.158196992481203,4.676759317102745,0.3
13.153685714285714,4.676759317102745,0.3
13.149174436090226,4.676759317102745,0.3
13.144663157894737,4.676759317102745,0.3
13.140151879699248,4.676759317102745,0.3
13.13564060150376,4.676759317102745,0.3
13.13112932330827,4.676759317102745,0.3
13.126618045112782,4.676759317102745,0.3
13.122106766917293,4.676759317102745,0.3
13.117595488721804,4.676759317102745,0.3
13.113084210526315,4.676759317102745,0.3
13.108572932330826,4.676759317102745,0.3
13.104061654135338,4.676759317102745,0.3
13.099550375939849,4.676759317102745,0.3
13.09503909774436,4.676759317102745,0.3
13.090527819548871,4.676759317102745,0.3
13.086016541353382,4.676759317102745,0.3
13.081505263157895,4.676759317102745,0.3
13.076993984962407,4.676759317102745,0.3
13.072482706766918,4.676759317102745,0.3
13.067971428571429,4.676759317102745,0.3
13.06346015037594,4.676759317102745,0.3
13.058948872180451,4.676759317102745,0.3
13.054437593984963,4.676759317102745,0.3
13.049926315789474,4.676759317102745,0.3
13.045415037593985,4.676759317102745,0.3
13.040903759398496,4.676759317102745,0.3
13.036392481203007,4.676759317102745,0.3
13.031881203007519,4.676759317102745,0.3
13.02736992481203,4.676759317102745,0.3
13.022858646616541,4.676759317102745,0.3
13.018347368421052,4.676759317102745,0.3
13.013836090225563,4.676759317102745,0.3
13.009324812030075,4.676759317102745,0.3
13.004813533834586,4.676759317102745,0.3
13.000302255639097,4.676759317102745,0.3
12.995790977443608,4.676759317102745,0.3
12.99127969924812,4.676759317102745,0.3
12.98676842105263,4.676759317102745,0.3
12.982257142857144,4.676759317102745,0.3
12.977745864661655,4.676759317102745,0.3
12.973234586466166,4.676759317102745,0.3
12.968723308270677,4.676759317102745,0.3
12.964212030075188,4.676759317102745,0.3
12.9597007518797,4.676759317102745,0.3
12.95518947368421,4.676759317102745,0.3
12.950678195488722,4.676759317102745,0.3
12.946166917293233,4.676759317102745,0.3
12.941655639097744,4.676759317102745,0.3
12.937144360902256,4.676759317102745,0.3
12.932633082706767,4.676759317102745,0.3
12.928121804511278,4.676759317102745,0.3
12.92361052631579,4.676759317102745,0.3
12.9190992481203,4.676759317102745,0.3
12.914587969924812,4.676759317102745,0.3
12.910076691729323,4.676759317102745,0.3
12.905565413533834,4.676759317102745,0.3
12.901054135338345,4.676759317102745,0.3
12.896542857142856,4.676759317102745,0.3
12.892031578947368,4.676759317102745,0.3
12.887520300751879,4.676759317102745,0.3
12.88300902255639,4.676759317102745,0.3
12.878497744360903,4.676759317102745,0.3
12.873986466165414,4.676759317102745,0.3
12.869475187969925,4.676759317102745,0.3
12.864963909774437,4.676759317102745,0.3
12.860452631578948,4.676759317102745,0.3
12.855941353383459,4.676759317102745,0.3
12.85143007518797,4.676759317102745,0.3
12.846918796992481,4.676759317102745,0.3
12.842407518796993,4.676759317102745,0.3
12.837896240601504,4.676759317102745,0.3
12.833384962406015,4.676759317102745,0.3
12.828873684210526,4.676759317102745,0.3
12.824362406015037,4.676759317102745,0.3
12.819851127819549,4.676759317102745,0.3
12.81533984962406,4.676759317102745,0.3
12.810828571428571,4.676759317102745,0.3
12.806317293233082,4.676759317102745,0.3
12.801806015037593,4.676759317102745,0.3
12.797294736842105,4.676759317102745,0.3
12.792783458646616,4.676759317102745,0.3
12.788272180451127,4.676759317102745,0.3
12.783760902255638,4.676759317102745,0.3
12.77924962406015,4.676759317102745,0.3
12.774738345864662,4.676759317102745,0.3
12.770227067669174,4.676759317102745,0.3
12.765715789473685,4.676759317102745,0.3
12.761204511278196,4.676759317102745,0.3
12.756693233082707,4.676759317102745,0.3
12.752181954887218,4.676759317102745,0.3
12.74767067669173,4.676759317102745,0.3
12.74315939849624,4.676759317102745,0.3
12.738648120300752,4.676759317102745,0.3
12.734136842105263,4.676759317102745,0.3
12.729625563909774,4.676759317102745,0.3
12.725114285714286,4.676759317102745,0.3
12.720603007518797,4.676759317102745,0.3
12.716091729323308,4.676759317102745,0.3
12.71158045112782,4.676759317102745,0.3
12.70706917293233,4.676759317102745,0.3
12.702557894736842,4.676759317102745,0.3
12.698046616541353,4.676759317102745,0.3
12.693535338345864,4.676759317102745,0.3
12.689024060150375,4.676759317102745,0.3
12.684512781954886,4.676759317102745,0.3
12.680001503759398,4.676759317102745,0.3
12.675490225563909,4.676759317102745,0.3
12.670978947368422,4.676759317102745,0.3
12.666467669172933,4.676759317102745,0.3
12.661956390977444,4.676759317102745,0.3
12.657445112781955,4.676759317102745,0.3
12.652933834586467,4.676759317102745,0.3
12.648422556390978,4.676759317102745,0.3
12.643911278195489,4.676759317102745,0.3
12.6394,4.676759317102745,0.3
12.634888721804511,4.676759317102745,0.3
12.630377443609023,4.676759317102745,0.3
12.625866165413534,4.676759317102745,0.3
12.621354887218045,4.676759317102745,0.3
12.616843609022556,4.676759317102745,0.3
12.612332330827067,4.676759317102745,0.3
12.607821052631579,4.676759317102745,0.3
12.60330977443609,4.676759317102745,0.3
12.598798496240601,4.676759317102745,0.3
12.594287218045112,4.676759317102745,0.3
12.589775939849623,4.676759317102745,0.3
12.585264661654135,4.676759317102745,0.3
12.580753383458646,4.676759317102745,0.3
12.576242105263157,4.676759317102745,0.3
12.571730827067668,4.676759317102745,0.3
12.567219548872181,4.676759317102745,0.3
12.562708270676692,4.676759317102745,0.3
12.558196992481204,4.676759317102745,0.3
12.553685714285715,4.676759317102745,0.3
12.549174436090226,4.676759317102745,0.3
12.544663157894737,4.676759317102745,0.3
12.540151879699248,4.676759317102745,0.3
12.53564060150376,4.676759317102745,0.3
12.53112932330827,4.676759317102745,0.3
12.526618045112782,4.676759317102745,0.3
12.522106766917293,4.676759317102745,0.3
12.517595488721804,4.676759317102745,0.3
12.513084210526316,4.676759317102745,0.3
12.508572932330827,4.676759317102745,0.3
12.504061654135338,4.676759317102745,0.3
12.49955037593985,4.676759317102745,0.3
12.49503909774436,4.676759317102745,0.3
12.490527819548872,4.676759317102745,0.3
12.486016541353383,4.676759317102745,0.3
12.481505263157894,4.676759317102745,0.3
12.476993984962405,4.676759317102745,0.3
12.472482706766916,4.676759317102745,0.3
12.467971428571428,4.676759317102745,0.3
12.46346015037594,4.676759317102745,0.3
12.458948872180452,4.676759317102745,0.3
12.454437593984963,4.676759317102745,0.3
12.449926315789474,4.676759317102745,0.3
12.445415037593985,4.676759317102745,0.3
12.440903759398497,4.676759317102745,0.3
12.436392481203008,4.676759317102745,0.3
12.431881203007519,4.676759317102745,0.3
12.42736992481203,4.676759317102745,0.3
12.422858646616541,4.676759317102745,0.3
12.418347368421053,4.676759317102745,0.3
12.413836090225564,4.676759317102745,0.3
12.409324812030075,4.676759317102745,0.3
12.404813533834586,4.676759317102745,0.3
12.400302255639097,4.676759317102745,0.3
12.395790977443609,4.676759317102745,0.3
12.39127969924812,4.676759317102745,0.3
12.386768421052631,4.676759317102745,0.3
12.382257142857142,4.676759317102745,0.3
12.377745864661653,4.676759317102745,0.3
12.373234586466165,4.676759317102745,0.3
12.368723308270676,4.676759317102745,0.3
12.364212030075187,4.676759317102745,0.3
12.3597007518797,4.676759317102745,0.3
12.355189473684211,4.676759317102745,0.3
12.350678195488722,4.676759317102745,0.3
12.346166917293234,4.676759317102745,0.3
12.341655639097745,4.676759317102745,0.3
12.337144360902256,4.676759317102745,0.3
12.332633082706767,4.676759317102745,0.3
12.328121804511278,4.676759317102745,0.3
12.32361052631579,4.676759317102745,0.3
12.3190992481203,4.676759317102745,0.3
12.314587969924812,4.676759317102745,0.3
12.310076691729323,4.676759317102745,0.3
12.305565413533834,4.676759317102745,0.3
12.301054135338346,4.676759317102745,0.3
12.296542857142857,4.676759317102745,0.3
12.292031578947368,4.676759317102745,0.3
12.28752030075188,4.676759317102745,0.3
12.28300902255639,4.676759317102745,0.3
12.278497744360902,4.676759317102745,0.3
12.273986466165413,4.676759317102745,0.3
12.269475187969924,4.676759317102745,0.3
12.264963909774437,4.676759317102745,0.3
12.260452631578946,4.676759317102745,0.3
12.25594135338346,4.676759317102745,0.3
12.25143007518797,4.676759317102745,0.3
12.246918796992482,4.676759317102745,0.3
12.242407518796993,4.676759317102745,0.3
12.237896240601504,4.676759317102745,0.3
12.233384962406015,4.676759317102745,0.3
12.228873684210527,4.676759317102745,0.3
12.224362406015038,4.676759317102745,0.3
12.219851127819549,4.676759317102745,0.3
12.21533984962406,4.676759317102745,0.3
12.210828571428571,4.676759317102745,0.3
12.206317293233083,4.676759317102745,0.3
12.201806015037594,4.676759317102745,0.3
12.197294736842105,4.676759317102745,0.3
12.192783458646616,4.676759317102745,0.3
12.188272180451127,4.676759317102745,0.3
12.183760902255639,4.676759317102745,0.3
12.17924962406015,4.676759317102745,0.3
12.174738345864661,4.676759317102745,0.3
12.170227067669172,4.676759317102745,0.3
12.165715789473683,4.676759317102745,0.3
12.161204511278196,4.676759317102745,0.3
12.156693233082706,4.676759317102745,0.3
12.152181954887219,4.676759317102745,0.3
12.14767067669173,4.676759317102745,0.3
12.143159398496241,4.676759317102745,0.3
12.138648120300752,4.676759317102745,0.3
12.134136842105264,4.676759317102745,0.3
12.129625563909775,4.676759317102745,0.3
12.125114285714286,4.676759317102745,0.3
12.120603007518797,4.676759317102745,0.3
12.116091729323308,4.676759317102745,0.3
12.11158045112782,4.676759317102745,0.3
12.10706917293233,4.676759317102745,0.3
12.102557894736842,4.676759317102745,0.3
12.098046616541353,4.676759317102745,0.3
12.093535338345864,4.676759317102745,0.3
12.089024060150376,4.676759317102745,0.3
12.084512781954887,4.676759317102745,0.3
12.080001503759398,4.676759317102745,0.3
12.07549022556391,4.676759317102745,0.3
12.07097894736842,4.676759317102745,0.3
12.066467669172932,4.676759317102745,0.3
12.061956390977443,4.676759317102745,0.3
12.057445112781956,4.676759317102745,0.3
12.052933834586465,4.676759317102745,0.3
12.048422556390978,4.676759317102745,0.3
12.04391127819549,4.676759317102745,0.3
12.0394,4.676759317102745,0.3
12.034888721804512,4.676759317102745,0.3
12.030377443609023,4.676759317102745,0.3
12.025866165413534,4.676759317102745,0.3
12.021354887218045,4.676759317102745,0.3
12.016843609022557,4.676759317102745,0.3
12.012332330827068,4.676759317102745,0.3
12.007821052631579,4.676759317102745,0.3
12.00330977443609,4.676759317102745,0.3
11.998798496240601,4.676759317102745,0.3
11.994287218045113,4.676759317102745,0.3
11.989775939849624,4.676759317102745,0.3
11.985264661654135,4.676759317102745,0.3
11.980753383458646,4.676759317102745,0.3
11.976242105263157,4.676759317102745,0.3
11.971730827067669,4.676759317102745,0.3
11.96721954887218,4.676759317102745,0.3
11.962708270676691,4.676759317102745,0.3
11.958196992481202,4.676759317102745,0.3
11.953685714285715,4.676759317102745,0.3
11.949174436090226,4.676759317102745,0.3
11.944663157894738,4.676759317102745,0.3
11.940151879699249,4.676759317102745,0.3
11.93564060150376,4.676759317102745,0.3
11.931129323308271,4.676759317102745,0.3
11.926618045112782,4.676759317102745,0.3
11.922106766917294,4.676759317102745,0.3
11.917595488721805,4.676759317102745,0.3
11.913084210526316,4.676759317102745,0.3
11.908572932330827,4.676759317102745,0.3
11.904061654135338,4.676759317102745,0.3
11.89955037593985,4.676759317102745,0.3
11.89503909774436,4.676759317102745,0.3
11.890527819548872,4.676759317102745,0.3
11.886016541353383,4.676759317102745,0.3
11.881505263157894,4.676759317102745,0.3
11.876993984962406,4.676759317102745,0.3
11.872482706766917,4.676759317102745,0.3
11.867971428571428,4.676759317102745,0.3
11.86346015037594,4.676759317102745,0.3
11.85894887218045,4.676759317102745,0.3
11.854437593984962,4.676759317102745,0.3
11.849926315789473,4.676759317102745,0.3
11.845415037593984,4.676759317102745,0.3
11.840903759398497,4.676759317102745,0.3
11.836392481203008,4.676759317102745,0.3
11.83188120300752,4.676759317102745,0.3
11.82736992481203,4.676759317102745,0.3
11.822858646616542,4.676759317102745,0.3
11.818347368421053,4.676759317102745,0.3
11.813836090225564,4.676759317102745,0.3
11.809324812030075,4.676759317102745,0.3
11.804813533834587,4.676759317102745,0.3
11.800302255639098,4.676759317102745,0.3
11.795790977443609,4.676759317102745,0.3
11.79127969924812,4.676759317102745,0.3
11.786768421052631,4.676759317102745,0.3
11.782257142857143,4.676759317102745,0.3
11.777745864661654,4.676759317102745,0.3
11.773234586466165,4.676759317102745,0.3
11.768723308270676,4.676759317102745,0.3
11.764212030075187,4.676759317102745,0.3
11.759700751879699,4.676759317102745,0.3
11.755189473684212,4.676759317102745,0.3
11.750678195488721,4.676759317102745,0.3
11.746166917293234,4.676759317102745,0.3
11.741655639097745,4.676759317102745,0.3
11.737144360902256,4.676759317102745,0.3
11.732633082706768,4.676759317102745,0.3
11.728121804511279,4.676759317102745,0.3
11.72361052631579,4.676759317102745,0.3
11.719099248120301,4.676759317102745,0.3
11.714587969924812,4.676759317102745,0.3
11.710076691729324,4.676759317102745,0.3
11.705565413533835,4.676759317102745,0.3
11.701054135338346,4.676759317102745,0.3
11.696542857142857,4.676759317102745,0.3
11.692031578947368,4.676759317102745,0.3
11.68752030075188,4.676759317102745,0.3
11.68300902255639,4.676759317102745,0.3
11.678497744360902,4.676759317102745,0.3
11.673986466165413,4.676759317102745,0.3
11.669475187969924,4.676759317102745,0.3
11.664963909774436,4.676759317102745,0.3
11.660452631578947,4.676759317102745,0.3
11.655941353383458,4.676759317102745,0.3
11.65143007518797,4.676759317102745,0.3
11.64691879699248,4.676759317102745,0.3
11.642407518796993,4.676759317102745,0.3
11.637896240601505,4.676759317102745,0.3
11.633384962406016,4.676759317102745,0.3
11.628873684210527,4.676759317102745,0.3
11.624362406015038,4.676759317102745,0.3
11.61985112781955,4.676759317102745,0.3
11.61533984962406,4.676759317102745,0.3
11.610828571428572,4.676759317102745,0.3
11.606317293233083,4.676759317102745,0.3
11.601806015037594,4.676759317102745,0.3
11.597294736842105,4.676759317102745,0.3
11.592783458646617,4.676759317102745,0.3
11.588272180451128,4.676759317102745,0.3
11.583760902255639,4.676759317102745,0.3
11.57924962406015,4.676759317102745,0.3
11.574738345864661,4.676759317102745,0.3
11.570227067669173,4.676759317102745,0.3
11.565715789473684,4.676759317102745,0.3
11.561204511278195,4.676759317102745,0.3
11.556693233082706,4.676759317102745,0.3
11.552181954887217,4.676759317102745,0.3
11.547670676691729,4.676759317102745,0.3
11.54315939849624,4.676759317102745,0.3
11.538648120300753,4.676759317102745,0.3
11.534136842105262,4.676759317102745,0.3
11.529625563909775,4.676759317102745,0.3
11.525114285714286,4.676759317102745,0.3
11.520603007518798,4.676759317102745,0.3
11.516091729323309,4.676759317102745,0.3
11.51158045112782,4.676759317102745,0.3
11.507069172932331,4.676759317102745,0.3
11.502557894736842,4.676759317102745,0.3
11.498046616541354,4.676759317102745,0.3
11.493535338345865,4.676759317102745,0.3
11.489024060150376,4.676759317102745,0.3
11.484512781954887,4.676759317102745,0.3
11.480001503759398,4.676759317102745,0.3
11.47549022556391,4.676759317102745,0.3
11.47097894736842,4.676759317102745,0.3
11.466467669172932,4.676759317102745,0.3
11.461956390977443,4.676759317102745,0.3
11.457445112781954,4.676759317102745,0.3
11.452933834586466,4.676759317102745,0.3
11.448422556390977,4.676759317102745,0.3
11.44391127819549,4.676759317102745,0.3
11.4394,4.676759317102745,0.3
11.434888721804512,4.676759317102745,0.3
11.430377443609023,4.676759317102745,0.3
11.425866165413535,4.676759317102745,0.3
11.421354887218046,4.676759317102745,0.3
11.416843609022557,4.676759317102745,0.3
11.412332330827068,4.676759317102745,0.3
11.40782105263158,4.676759317102745,0.3
11.40330977443609,4.676759317102745,0.3
11.398798496240602,4.676759317102745,0.3
11.394287218045113,4.676759317102745,0.3
11.389775939849624,4.676759317102745,0.3
11.385264661654135,4.676759317102745,0.3
11.380753383458647,4.676759317102745,0.3
11.376242105263158,4.676759317102745,0.3
11.371730827067669,4.676759317102745,0.3
11.36721954887218,4.676759317102745,0.3
11.362708270676691,4.676759317102745,0.3
11.358196992481203,4.676759317102745,0.3
11.353685714285714,4.676759317102745,0.3
11.349174436090225,4.676759317102745,0.3
11.344663157894736,4.676759317102745,0.3
11.340151879699249,4.676759317102745,0.3
11.335640601503759,4.676759317102745,0.3
11.331129323308271,4.676759317102745,0.3
11.326618045112783,4.676759317102745,0.3
11.322106766917294,4.676759317102745,0.3
11.317595488721805,4.676759317102745,0.3
11.313084210526316,4.676759317102745,0.3
11.308572932330827,4.676759317102745,0.3
11.304061654135339,4.676759317102745,0.3
11.29955037593985,4.676759317102745,0.3
11.295039097744361,4.676759317102745,0.3
11.290527819548872,4.676759317102745,0.3
11.286016541353384,4.676759317102745,0.3
11.281505263157895,4.676759317102745,0.3
11.276993984962406,4.676759317102745,0.3
11.272482706766917,4.676759317102745,0.3
11.267971428571428,4.676759317102745,0.3
11.26346015037594,4.676759317102745,0.3
11.25894887218045,4.676759317102745,0.3
11.254437593984962,4.676759317102745,0.3
11.249926315789473,4.676759317102745,0.3
11.245415037593984,4.676759317102745,0.3
11.240903759398496,4.676759317102745,0.3
11.236392481203008,4.676759317102745,0.3
11.231881203007518,4.676759317102745,0.3
11.22736992481203,4.676759317102745,0.3
11.22285864661654,4.676759317102745,0.3
11.218347368421053,4.676759317102745,0.3
11.213836090225564,4.676759317102745,0.3
11.209324812030076,4.676759317102745,0.3
11.204813533834587,4.676759317102745,0.3
11.200302255639098,4.676759317102745,0.3
11.19579097744361,4.676759317102745,0.3
11.19127969924812,4.676759317102745,0.3
11.186768421052632,4.676759317102745,0.3
11.182257142857143,4.676759317102745,0.3
11.177745864661654,4.676759317102745,0.3
11.173234586466165,4.676759317102745,0.3
11.168723308270676,4.676759317102745,0.3
11.164212030075188,4.676759317102745,0.3
11.159700751879699,4.676759317102745,0.3
11.15518947368421,4.676759317102745,0.3
11.150678195488721,4.676759317102745,0.3
11.146166917293233,4.676759317102745,0.3
11.141655639097745,4.676759317102745,0.3
11.137144360902255,4.676759317102745,0.3
11.132633082706768,4.676759317102745,0.3
11.128121804511277,4.676759317102745,0.3
11.12361052631579,4.676759317102745,0.3
11.119099248120301,4.676759317102745,0.3
11.114587969924813,4.676759317102745,0.3
11.110076691729324,4.676759317102745,0.3
11.105565413533835,4.676759317102745,0.3
11.101054135338346,4.676759317102745,0.3
11.096542857142857,4.676759317102745,0.3
11.092031578947369,4.676759317102745,0.3
11.08752030075188,4.676759317102745,0.3
11.083009022556391,4.676759317102745,0.3
11.078497744360902,4.676759317102745,0.3
11.073986466165413,4.676759317102745,0.3
11.069475187969925,4.676759317102745,0.3
11.064963909774436,4.676759317102745,0.3
11.060452631578947,4.676759317102745,0.3
11.055941353383458,4.676759317102745,0.3
11.05143007518797,4.676759317102745,0.3
11.04691879699248,4.676759317102745,0.3
11.042407518796992,4.676759317102745,0.3
11.037896240601505,4.676759317102745,0.3
11.033384962406014,4.676759317102745,0.3
11.028873684210527,4.676759317102745,0.3
11.024362406015037,4.676759317102745,0.3
11.01985112781955,4.676759317102745,0.3
11.015339849624059,4.676759317102745,0.3
11.010828571428572,4.676759317102745,0.3
11.006317293233083,4.676759317102745,0.3
11.001806015037594,4.676759317102745,0.3
10.997294736842106,4.676759317102745,0.3
10.992783458646617,4.676759317102745,0.3
10.988272180451128,4.676759317102745,0.3
10.98376090225564,4.676759317102745,0.3
10.97924962406015,4.676759317102745,0.3
10.974738345864662,4.676759317102745,0.3
10.970227067669173,4.676759317102745,0.3
10.965715789473684,4.676759317102745,0.3
10.961204511278195,4.676759317102745,0.3
10.956693233082706,4.676759317102745,0.3
10.952181954887218,4.676759317102745,0.3
10.947670676691729,4.676759317102745,0.3
10.94315939849624,4.676759317102745,0.3
10.938648120300751,4.676759317102745,0.3
10.934136842105262,4.676759317102745,0.3
10.929625563909774,4.676759317102745,0.3
10.925114285714287,4.676759317102745,0.3
10.920603007518796,4.676759317102745,0.3
10.916091729323309,4.676759317102745,0.3
10.911580451127818,4.676759317102745,0.3
10.907069172932331,4.676759317102745,0.3
10.902557894736843,4.676759317102745,0.3
10.898046616541354,4.676759317102745,0.3
10.893535338345865,4.676759317102745,0.3
10.889024060150376,4.676759317102745,0.3
10.884512781954887,4.676759317102745,0.3
10.880001503759399,4.676759317102745,0.3
10.87549022556391,4.676759317102745,0.3
10.870978947368421,4.676759317102745,0.3
10.866467669172932,4.676759317102745,0.3
10.861956390977443,4.676759317102745,0.3
10.857445112781955,4.676759317102745,0.3
10.852933834586466,4.676759317102745,0.3
10.848422556390977,4.676759317102745,0.3
10.843911278195488,4.676759317102745,0.3
10.8394,4.676759317102745,0.3
10.83488872180451,4.676759317102745,0.3
10.830377443609024,4.676759317102745,0.3
10.825866165413533,4.676759317102745,0.3
10.821354887218046,4.676759317102745,0.3
10.816843609022555,4.676759317102745,0.3
10.812332330827068,4.676759317102745,0.3
10.80782105263158,4.676759317102745,0.3
10.80330977443609,4.676759317102745,0.3
10.798798496240602,4.676759317102745,0.3
10.794287218045113,4.676759317102745,0.3
10.789775939849624,4.676759317102745,0.3
10.785264661654136,4.676759317102745,0.3
10.780753383458647,4.676759317102745,0.3
10.776242105263158,4.676759317102745,0.3
10.77173082706767,4.676759317102745,0.3
10.76721954887218,4.676759317102745,0.3
10.762708270676692,4.676759317102745,0.3
10.758196992481203,4.676759317102745,0.3
10.753685714285714,4.676759317102745,0.3
10.749174436090225,4.676759317102745,0.3
10.744663157894736,4.676759317102745,0.3
10.740151879699248,4.676759317102745,0.3
10.735640601503759,4.676759317102745,0.3
10.73112932330827,4.676759317102745,0.3
10.726618045112783,4.676759317102745,0.3
10.722106766917292,4.676759317102745,0.3
10.717595488721805,4.676759317102745,0.3
10.713084210526315,4.676759317102745,0.3
10.708572932330828,4.676759317102745,0.3
10.704061654135339,4.676759317102745,0.3
10.69955037593985,4.676759317102745,0.3
10.695039097744361,4.676759317102745,0.3
10.690527819548873,4.676759317102745,0.3
10.686016541353384,4.676759317102745,0.3
10.681505263157895,4.676759317102745,0.3
10.676993984962406,4.676759317102745,0.3
10.672482706766917,4.676759317102745,0.3
10.667971428571429,4.676759317102745,0.3
10.66346015037594,4.676759317102745,0.3
10.658948872180451,4.676759317102745,0.3
10.654437593984962,4.676759317102745,0.3
10.649926315789473,4.676759317102745,0.3
10.645415037593985,4.676759317102745,0.3
10.640903759398496,4.676759317102745,0.3
10.636392481203007,4.676759317102745,0.3
10.63188120300752,4.676759317102745,0.3
10.62736992481203,4.676759317102745,0.3
10.62285864661654,4.676759317102745,0.3
10.618347368421052,4.676759317102745,0.3
10.613836090225565,4.676759317102745,0.3
10.609324812030076,4.676759317102745,0.3
10.604813533834587,4.676759317102745,0.3
10.600302255639097,4.676759317102745,0.3
10.59579097744361,4.676759317102745,0.3
10.59127969924812,4.676759317102745,0.3
10.586768421052632,4.676759317102745,0.3
10.582257142857143,4.676759317102745,0.3
10.577745864661654,4.676759317102745,0.3
10.573234586466166,4.676759317102745,0.3
10.568723308270677,4.676759317102745,0.3
10.564212030075188,4.676759317102745,0.3
10.5597007518797,4.676759317102745,0.3
10.55518947368421,4.676759317102745,0.3
10.550678195488722,4.676759317102745,0.3
10.546166917293233,4.676759317102745,0.3
10.541655639097744,4.676759317102745,0.3
10.537144360902255,4.676759317102745,0.3
10.532633082706766,4.676759317102745,0.3
10.528121804511278,4.676759317102745,0.3
10.523610526315789,4.676759317102745,0.3
10.519099248120302,4.676759317102745,0.3
10.514587969924811,4.676759317102745,0.3
10.510076691729324,4.676759317102745,0.3
10.505565413533834,4.676759317102745,0.3
10.501054135338347,4.676759317102745,0.3
10.496542857142858,4.676759317102745,0.3
10.492031578947369,4.676759317102745,0.3
10.48752030075188,4.676759317102745,0.3
10.483009022556391,4.676759317102745,0.3
10.478497744360903,4.676759317102745,0.3
10.473986466165414,4.676759317102745,0.3
10.469475187969925,4.676759317102745,0.3
10.464963909774436,4.676759317102745,0.3
10.460452631578947,4.676759317102745,0.3
10.455941353383459,4.676759317102745,0.3
10.45143007518797,4.676759317102745,0.3
10.446918796992481,4.676759317102745,0.3
10.442407518796992,4.676759317102745,0.3
10.437896240601503,4.676759317102745,0.3
10.433384962406015,4.676759317102745,0.3
10.428873684210526,4.676759317102745,0.3
10.424362406015037,4.676759317102745,0.3
10.419851127819548,4.676759317102745,0.3
10.415339849624061,4.676759317102745,0.3
10.41082857142857,4.676759317102745,0.3
10.406317293233084,4.676759317102745,0.3
10.401806015037593,4.676759317102745,0.3
10.397294736842106,4.676759317102745,0.3
10.392783458646617,4.676759317102745,0.3
10.388272180451128,4.676759317102745,0.3
10.38376090225564,4.676759317102745,0.3
10.37924962406015,4.676759317102745,0.3
10.374738345864662,4.676759317102745,0.3
10.370227067669173,4.676759317102745,0.3
10.365715789473684,4.676759317102745,0.3
10.361204511278196,4.676759317102745,0.3
10.356693233082707,4.676759317102745,0.3
10.352181954887218,4.676759317102745,0.3
10.34767067669173,4.676759317102745,0.3
10.34315939849624,4.676759317102745,0.3
10.338648120300752,4.676759317102745,0.3
10.334136842105263,4.676759317102745,0.3
10.329625563909774,4.676759317102745,0.3
10.325114285714285,4.676759317102745,0.3
10.320603007518798,4.676759317102745,0.3
10.316091729323308,4.676759317102745,0.3
10.311580451127819,4.676759317102745,0.3
10.30706917293233,4.676759317102745,0.3
10.302557894736843,4.676759317102745,0.3
10.298046616541354,4.676759317102745,0.3
10.293535338345865,4.676759317102745,0.3
10.289024060150375,4.676759317102745,0.3
10.284512781954888,4.676759317102745,0.3
10.280001503759399,4.676759317102745,0.3
10.27549022556391,4.676759317102745,0.3
10.270978947368421,4.676759317102745,0.3
10.266467669172933,4.676759317102745,0.3
10.261956390977444,4.676759317102745,0.3
10.257445112781955,4.676759317102745,0.3
10.252933834586466,4.676759317102745,0.3
10.248422556390977,4.676759317102745,0.3
10.243911278195489,4.676759317102745,0.3
10.2394,4.676759317102745,0.3
10.224096498986732,4.676514003408721,0.3
10.208808723355252,4.675778314403056,0.3
10.193552382328454,4.674553006055931,0.3
10.178343152828049,4.672839337454505,0.3
10.16319666336547,4.6706390695091065,0.3
10.148128477982524,4.667954463143785,0.3
10.133154080258283,4.664788276973054,0.3
10.118288857398651,4.661143764467237,0.3
10.103548084424991,4.657024670609297,0.3
10.088946908477986,4.652435228046617,0.3
10.074500333252942,4.64738015274167,0.3
10.06022320358247,4.64186463912605,0.3
10.046130190182424,4.635894354762836,0.3
10.032235774576739,4.629475434522796,0.3
10.018554234216692,4.622614474280385,0.3
10.005099627809857,4.615318524136045,0.3
9.991885780873831,4.607595081171745,0.3
9.978926271529577,4.599452081747224,0.3
9.966234416548993,4.590897893344849,0.3
9.953823257671022,4.581941305971452,0.3
9.941705548200389,4.572591523126013,0.3
9.929893739902715,4.5628581523424385,0.3
9.918399970209489,4.552751195317171,0.3
9.907236049746032,4.542281037631771,0.3
9.896413450195288,4.531458438081026,0.3
9.885943292509888,4.52029451761757,0.3
9.87583633548462,4.508800747924344,0.3
9.866102964701046,4.496988939626671,0.3
9.856753181855607,4.484871230156037,0.3
9.84779659448221,4.472460071278066,0.3
9.839242406079833,4.459768216297482,0.3
9.831099406655314,4.446808706953228,0.3
9.823375963691014,4.433594860017202,0.3
9.816080013546674,4.420140253610367,0.3
9.809219053304263,4.40645871325032,0.3
9.802800133064222,4.392564297644634,0.3
9.796829848701009,4.378471284244587,0.3
9.791314335085389,4.3641941545741165,0.3
9.786259259780442,4.3497475793490725,0.3
9.781669817217763,4.335146403402068,0.3
9.777550723359822,4.320405630428407,0.3
9.773906210854005,4.305540407568777,0.3
9.770740024683274,4.290566009844534,0.3
9.768055418317953,4.275497824461588,0.3
9.765855150372554,4.260351334999011,0.3
9.764141481771127,4.245142105498605,0.3
9.762916173424003,4.229885764471805,0.3
9.762180484418337,4.2145979888403255,0.3
9.761935170724314,4.199294487827059,0.3
9.762180484418337,4.183990986813792,0.3
9.762916173424003,4.168703211182312,0.3
9.764141481771127,4.153446870155513,0.3
9.765855150372554,4.138237640655107,0.3
9.768055418317951,4.123091151192529,0.3
9.770740024683274,4.1080229658095835,0.3
9.773906210854005,4.093048568085341,0.3
9.777550723359822,4.078183345225711,0.3
9.781669817217763,4.06344257225205,0.3
9.786259259780442,4.048841396305045,0.3
9.791314335085389,4.034394821080001,0.3
9.796829848701009,4.0201176914095305,0.3
9.802800133064222,4.006024678009483,0.3
9.809219053304263,3.9921302624037978,0.3
9.816080013546674,3.9784487220437508,0.3
9.823375963691014,3.9649941156369164,0.3
9.831099406655314,3.95178026870089,0.3
9.839242406079833,3.938820759356636,0.3
9.84779659448221,3.9261289043760517,0.3
9.856753181855607,3.9137177454980807,0.3
9.866102964701046,3.9016000360274474,0.3
9.87583633548462,3.889788227729774,0.3
9.885943292509888,3.8782944580365477,0.3
9.896413450195288,3.8671305375730913,0.3
9.907236049746032,3.8563079380223475,0.3
9.918399970209489,3.8458377803369466,0.3
9.929893739902715,3.835730823311679,0.3
9.941705548200389,3.8259974525281044,0.3
9.953823257671022,3.816647669682666,0.3
9.966234416548993,3.807691082309269,0.3
9.978926271529577,3.7991368939068932,0.3
9.99188578087383,3.790993894482373,0.3
10.005099627809857,3.7832704515180726,0.3
10.01855423421669,3.775974501373733,0.3
10.032235774576739,3.7691135411313224,0.3
10.046130190182424,3.7626946208912817,0.3
10.06022320358247,3.7567243365280683,0.3
10.074500333252942,3.7512088229124476,0.3
10.088946908477986,3.7461537476075013,0.3
10.103548084424991,3.7415643050448213,0.3
10.118288857398651,3.7374452111868806,0.3
10.133154080258281,3.7338006986810632,0.3
10.148128477982524,3.7306345125103335,0.3
10.16319666336547,3.727949906145011,0.3
10.178343152828047,3.7257496381996122,0.3
10.193552382328454,3.7240359695981864,0.3
10.208808723355252,3.722810661251062,0.3
10.224096498986732,3.722074972245396,0.3
10.2394,3.721829658551373,0.3
10.254703501013267,3.7215843448573502,0.3
10.269991276644747,3.7208486558516842,0.3
10.285247617671546,3.71962334750456,0.3
10.300456847171953,3.717909678903134,0.3
10.31560333663453,3.715709410957735,0.3
10.330671522017475,3.7130248045924126,0.3
10.345645919741719,3.709858618421683,0.3
10.360511142601348,3.7062141059158655,0.3
10.375251915575008,3.702095012057925,0.3
10.389853091522014,3.697505569495245,0.3
10.404299666747058,3.6924504941902985,0.3
10.418576796417529,3.686934980574678,0.3
10.432669809817575,3.6809646962114644,0.3
10.446564225423261,3.6745457759714237,0.3
10.460245765783307,3.6676848157290136,0.3
10.473700372190143,3.6603888655846735,0.3
10.486914219126168,3.652665422620373,0.3
10.499873728470423,3.6445224231958533,0.3
10.512565583451007,3.635968234793477,0.3
10.524976742328978,3.6270116474200806,0.3
10.53709445179961,3.6176618645746417,0.3
10.548906260097285,3.607928493791067,0.3
10.560400029790511,3.5978215367657995,0.3
10.571563950253967,3.5873513790803986,0.3
10.582386549804712,3.5765287795296548,0.3
10.592856707490112,3.5653648590661984,0.3
10.60296366451538,3.553871089372972,0.3
10.612697035298954,3.5420592810752987,0.3
10.622046818144392,3.529941571604666,0.3
10.63100340551779,3.517530412726695,0.3
10.639557593920166,3.50483855774611,0.3
10.647700593344686,3.4918790484018567,0.3
10.655424036308986,3.47866520146583,0.3
10.662719986453325,3.4652105950589953,0.3
10.669580946695737,3.4515290546989483,0.3
10.675999866935777,3.4376346390932624,0.3
10.68197015129899,3.4235416256932156,0.3
10.687485664914611,3.409264496022745,0.3
10.692540740219558,3.394817920797701,0.3
10.697130182782237,3.380216744850696,0.3
10.701249276640178,3.3654759718770353,0.3
10.704893789145995,3.350610749017405,0.3
10.708059975316726,3.335636351293162,0.3
10.710744581682048,3.320568165910217,0.3
10.712944849627446,3.305421676447639,0.3
10.714658518228873,3.2902124469472334,0.3
10.715883826575997,3.274956105920434,0.3
10.716619515581662,3.259668330288954,0.3
10.716864829275686,3.2443648292756873,0.3
10.716619515581662,3.2290613282624205,0.3
10.715883826575997,3.2137735526309403,0.3
10.714658518228873,3.198517211604141,0.3
10.712944849627446,3.1833079821037353,0.3
10.710744581682048,3.1681614926411577,0.3
10.708059975316726,3.1530933072582124,0.3
10.704893789145995,3.1381189095339694,0.3
10.701249276640178,3.1232536866743392,0.3
10.697130182782237,3.1085129137006784,0.3
10.692540740219558,3.0939117377536736,0.3
10.687485664914611,3.0794651625286296,0.3
10.68197015129899,3.065188032858159,0.3
10.675999866935777,3.051095019458112,0.3
10.669580946695737,3.037200603852426,0.3
10.662719986453325,3.023519063492379,0.3
10.655424036308986,3.0100644570855444,0.3
10.647700593344686,2.996850610149518,0.3
10.639557593920166,2.9838911008052644,0.3
10.63100340551779,2.97119924582468,0.3
10.622046818144392,2.958788086946709,0.3
10.612697035298954,2.946670377476076,0.3
10.60296366451538,2.9348585691784024,0.3
10.592856707490112,2.923364799485176,0.3
10.582386549804712,2.9122008790217198,0.3
10.571563950253967,2.901378279470976,0.3
10.560400029790511,2.890908121785575,0.3
10.548906260097285,2.8808011647603076,0.3
10.53709445179961,2.871067793976733,0.3
10.524976742328978,2.8617180111312943,0.3
10.512565583451007,2.8527614237578973,0.3
10.499873728470423,2.8442072353555217,0.3
10.486914219126168,2.8360642359310013,0.3
10.473700372190143,2.828340792966701,0.3
10.460245765783307,2.8210448428223613,0.3
10.446564225423261,2.814183882579951,0.3
10.432669809817575,2.80776496233991,0.3
10.418576796417529,2.8017946779766967,0.3
10.404299666747058,2.796279164361076,0.3
10.389853091522014,2.7912240890561297,0.3
10.375251915575008,2.7866346464934497,0.3
10.360511142601348,2.782515552635509,0.3
10.345645919741719,2.7788710401296917,0.3
10.330671522017475,2.775704853958962,0.3
10.31560333663453,2.7730202475936396,0.3
10.300456847171953,2.7708199796482407,0.3
10.285247617671546,2.7691063110468144,0.3
10.269991276644747,2.7678810026996903,0.3
10.254703501013267,2.7671453136940243,0.3
10.2394,2.7669000000000015,0.3
10.224364170337738,2.7669000000000015,0.3
10.209328340675476,2.7669000000000015,0.3
10.194292511013217,2.7669000000000015,0.3
10.179256681350955,2.7669000000000015,0.3
10.164220851688693,2.7669000000000015,0.3
10.149185022026431,2.7669000000000015,0.3
10.13414919236417,2.7669000000000015,0.3
10.119113362701908,2.7669000000000015,0.3
10.104077533039648,2.7669000000000015,0.3
10.089041703377386,2.7669000000000015,0.3
10.074005873715125,2.7669000000000015,0.3
10.058970044052863,2.7669000000000015,0.3
10.043934214390601,2.7669000000000015,0.3
10.02889838472834,2.7669000000000015,0.3
10.01386255506608,2.7669000000000015,0.3
9.998826725403818,2.7669000000000015,0.3
9.983790895741556,2.7669000000000015,0.3
9.968755066079295,2.7669000000000015,0.3
9.953719236417033,2.7669000000000015,0.3
9.938683406754771,2.7669000000000015,0.3
9.923647577092511,2.7669000000000015,0.3
9.90861174743025,2.7669000000000015,0.3
9.893575917767988,2.7669000000000015,0.3
9.878540088105726,2.7669000000000015,0.3
9.863504258443465,2.7669000000000015,0.3
9.848468428781203,2.7669000000000015,0.3
9.833432599118943,2.7669000000000015,0.3
9.818396769456681,2.7669000000000015,0.3
9.80336093979442,2.7669000000000015,0.3
9.788325110132158,2.7669000000000015,0.3
9.773289280469896,2.7669000000000015,0.3
9.758253450807636,2.7669000000000015,0.3
9.743217621145375,2.7669000000000015,0.3
9.728181791483113,2.7669000000000015,0.3
9.713145961820851,2.7669000000000015,0.3
9.69811013215859,2.7669000000000015,0.3
9.683074302496328,2.7669000000000015,0.3
9.668038472834068,2.7669000000000015,0.3
9.653002643171806,2.7669000000000015,0.3
9.637966813509545,2.7669000000000015,0.3
9.622930983847283,2.7669000000000015,0.3
9.607895154185021,2.7669000000000015,0.3
9.59285932452276,2.7669000000000015,0.3
9.5778234948605,2.7669000000000015,0.3
9.562787665198238,2.7669000000000015,0.3
9.547751835535976,2.7669000000000015,0.3
9.532716005873715,2.7669000000000015,0.3
9.517680176211453,2.7669000000000015,0.3
9.502644346549191,2.7669000000000015,0.3
9.487608516886931,2.7669000000000015,0.3
9.47257268722467,2.7669000000000015,0.3
9.457536857562408,2.7669000000000015,0.3
9.442501027900146,2.7669000000000015,0.3
9.427465198237885,2.7669000000000015,0.3
9.412429368575623,2.7669000000000015,0.3
9.397393538913363,2.7669000000000015,0.3
9.382357709251101,2.7669000000000015,0.3
9.36732187958884,2.7669000000000015,0.3
9.352286049926578,2.7669000000000015,0.3
9.337250220264316,2.7669000000000015,0.3
9.322214390602056,2.7669000000000015,0.3
9.307178560939795,2.7669000000000015,0.3
9.292142731277533,2.7669000000000015,0.3
9.277106901615271,2.7669000000000015,0.3
9.26207107195301,2.7669000000000015,0.3
9.247035242290748,2.7669000000000015,0.3
9.231999412628488,2.7669000000000015,0.3
9.216963582966226,2.7669000000000015,0.3
9.201927753303965,2.7669000000000015,0.3
9.186891923641703,2.7669000000000015,0.3
9.171856093979441,2.7669000000000015,0.3
9.15682026431718,2.7669000000000015,0.3
9.14178443465492,2.7669000000000015,0.3
9.126748604992658,2.7669000000000015,0.3
9.111712775330396,2.7669000000000015,0.3
9.096676945668134,2.7669000000000015,0.3
9.081641116005873,2.7669000000000015,0.3
9.066605286343613,2.7669000000000015,0.3
9.051569456681351,2.7669000000000015,0.3
9.03653362701909,2.7669000000000015,0.3
9.021497797356828,2.7669000000000015,0.3
9.006461967694566,2.7669000000000015,0.3
8.991426138032304,2.7669000000000015,0.3
8.976390308370044,2.7669000000000015,0.3
8.961354478707783,2.7669000000000015,0.3
8.946318649045521,2.7669000000000015,0.3
8.93128281938326,2.7669000000000015,0.3
8.916246989720998,2.7669000000000015,0.3
8.901211160058736,2.7669000000000015,0.3
8.886175330396476,2.7669000000000015,0.3
8.871139500734214,2.7669000000000015,0.3
8.856103671071953,2.7669000000000015,0.3
8.841067841409691,2.7669000000000015,0.3
8.82603201174743,2.7669000000000015,0.3
8.81099618208517,2.7669000000000015,0.3
8.795960352422908,2.7669000000000015,0.3
8.780924522760646,2.7669000000000015,0.3
8.765888693098384,2.7669000000000015,0.3
8.750852863436123,2.7669000000000015,0.3
8.735817033773861,2.7669000000000015,0.3
8.7207812041116,2.7669000000000015,0.3
8.70574537444934,2.7669000000000015,0.3
8.690709544787078,2.7669000000000015,0.3
8.675673715124816,2.7669000000000015,0.3
8.660637885462554,2.7669000000000015,0.3
8.645602055800293,2.7669000000000015,0.3
8.630566226138033,2.7669000000000015,0.3
8.615530396475771,2.7669000000000015,0.3
8.60049456681351,2.7669000000000015,0.3
8.585458737151248,2.7669000000000015,0.3
8.570422907488986,2.7669000000000015,0.3
8.555387077826724,2.7669000000000015,0.3
8.540351248164464,2.7669000000000015,0.3
8.525315418502203,2.7669000000000015,0.3
8.510279588839941,2.7669000000000015,0.3
8.49524375917768,2.7669000000000015,0.3
8.480207929515418,2.7669000000000015,0.3
8.465172099853156,2.7669000000000015,0.3
8.450136270190896,2.7669000000000015,0.3
8.435100440528634,2.7669000000000015,0.3
8.420064610866373,2.7669000000000015,0.3
8.405028781204111,2.7669000000000015,0.3
8.38999295154185,2.7669000000000015,0.3
8.37495712187959,2.7669000000000015,0.3
8.359921292217328,2.7669000000000015,0.3
8.344885462555066,2.7669000000000015,0.3
8.329849632892804,2.7669000000000015,0.3
8.314813803230543,2.7669000000000015,0.3
8.29977797356828,2.7669000000000015,0.3
8.284742143906021,2.7669000000000015,0.3
8.26970631424376,2.7669000000000015,0.3
8.254670484581498,2.7669000000000015,0.3
8.239634654919236,2.7669000000000015,0.3
8.224598825256974,2.7669000000000015,0.3
8.209562995594712,2.7669000000000015,0.3
8.194527165932453,2.7669000000000015,0.3
8.17949133627019,2.7669000000000015,0.3
8.16445550660793,2.7669000000000015,0.3
8.149419676945667,2.7669000000000015,0.3
8.134383847283406,2.7669000000000015,0.3
8.119348017621146,2.7669000000000015,0.3
8.104312187958882,2.7669000000000015,0.3
8.089276358296623,2.7669000000000015,0.3
8.07424052863436,2.7669000000000015,0.3
8.0592046989721,2.7669000000000015,0.3
8.044168869309837,2.7669000000000015,0.3
8.029133039647576,2.7669000000000015,0.3
8.014097209985316,2.7669000000000015,0.3
7.999061380323054,2.7669000000000015,0.3
7.9840255506607924,2.7669000000000015,0.3
7.968989720998531,2.7669000000000015,0.3
7.95395389133627,2.7669000000000015,0.3
7.938918061674008,2.7669000000000015,0.3
7.9238822320117475,2.7669000000000015,0.3
7.908846402349486,2.7669000000000015,0.3
7.893810572687224,2.7669000000000015,0.3
7.878774743024962,2.7669000000000015,0.3
7.863738913362702,2.7669000000000015,0.3
7.84870308370044,2.7669000000000015,0.3
7.833667254038179,2.7669000000000015,0.3
7.818631424375917,2.7669000000000015,0.3
7.803595594713656,2.7669000000000015,0.3
7.788559765051394,2.7669000000000015,0.3
7.773523935389132,2.7669000000000015,0.3
7.7584881057268715,2.7669000000000015,0.3
7.743452276064611,2.7669000000000015,0.3
7.728416446402349,2.7669000000000015,0.3
7.713380616740087,2.7669000000000015,0.3
7.698344787077826,2.7669000000000015,0.3
7.683308957415565,2.7669000000000015,0.3
7.668273127753304,2.7669000000000015,0.3
7.653237298091042,2.7669000000000015,0.3
7.638201468428781,2.7669000000000015,0.3
7.623165638766519,2.7669000000000015,0.3
7.608129809104257,2.7669000000000015,0.3
7.5930939794419965,2.7669000000000015,0.3
7.578058149779736,2.7669000000000015,0.3
7.563022320117474,2.7669000000000015,0.3
7.547986490455212,2.7669000000000015,0.3
7.532950660792951,2.7669000000000015,0.3
7.51791483113069,2.7669000000000015,0.3
7.502879001468429,2.7669000000000015,0.3
7.487843171806167,2.7669000000000015,0.3
7.472807342143906,2.7669000000000015,0.3
7.457771512481644,2.7669000000000015,0.3
7.442735682819382,2.7669000000000015,0.3
7.427699853157121,2.7669000000000015,0.3
7.41266402349486,2.7669000000000015,0.3
7.397628193832599,2.7669000000000015,0.3
7.382592364170337,2.7669000000000015,0.3
7.367556534508076,2.7669000000000015,0.3
7.352520704845814,2.7669000000000015,0.3
7.337484875183553,2.7669000000000015,0.3
7.322449045521292,2.7669000000000015,0.3
7.307413215859031,2.7669000000000015,0.3
7.292377386196769,2.7669000000000015,0.3
7.277341556534507,2.7669000000000015,0.3
7.2623057268722455,2.7669000000000015,0.3
7.247269897209985,2.7669000000000015,0.3
7.232234067547724,2.7669000000000015,0.3
7.217198237885462,2.7669000000000015,0.3
7.2021624082232005,2.7669000000000015,0.3
7.187126578560939,2.7669000000000015,0.3
7.172090748898678,2.7669000000000015,0.3
7.157054919236417,2.7669000000000015,0.3
7.142019089574155,2.7669000000000015,0.3
7.126983259911894,2.7669000000000015,0.3
7.111947430249632,2.7669000000000015,0.3
7.0969116005873705,2.7669000000000015,0.3
7.081875770925109,2.7669000000000015,0.3
7.066839941262848,2.7669000000000015,0.3
7.051804111600587,2.7669000000000015,0.3
7.0367682819383255,2.7669000000000015,0.3
7.021732452276064,2.7669000000000015,0.3
7.006696622613802,2.7669000000000015,0.3
6.991660792951541,2.7669000000000015,0.3
6.9766249632892805,2.7669000000000015,0.3
6.961589133627019,2.7669000000000015,0.3
6.946553303964757,2.7669000000000015,0.3
6.931517474302495,2.7669000000000015,0.3
6.916481644640234,2.7669000000000015,0.3
6.901445814977973,2.7669000000000015,0.3
6.886409985315712,2.7669000000000015,0.3
6.87137415565345,2.7669000000000015,0.3
6.856338325991189,2.7669000000000015,0.3
6.841302496328927,2.7669000000000015,0.3
6.826266666666666,2.7669000000000015,0.3
6.8112308370044055,2.7669000000000015,0.3
6.796195007342143,2.7669000000000015,0.3
6.781159177679882,2.7669000000000015,0.3
6.76612334801762,2.7669000000000015,0.3
6.751087518355359,2.7669000000000015,0.3
6.736051688693097,2.7669000000000015,0.3
6.721015859030836,2.7669000000000015,0.3
6.705980029368575,2.7669000000000015,0.3
6.690944199706314,2.7669000000000015,0.3
6.675908370044052,2.7669000000000015,0.3
6.66087254038179,2.7669000000000015,0.3
6.6458367107195295,2.7669000000000015,0.3
6.630800881057268,2.7669000000000015,0.3
6.615765051395007,2.7669000000000015,0.3
6.600729221732745,2.7669000000000015,0.3
6.585693392070484,2.7669000000000015,0.3
6.570657562408222,2.7669000000000015,0.3
6.555621732745961,2.7669000000000015,0.3
6.5405859030837,2.7669000000000015,0.3
6.525550073421439,2.7669000000000015,0.3
6.510514243759177,2.7669000000000015,0.3
6.495478414096915,2.7669000000000015,0.3
6.4804425844346545,2.7669000000000015,0.3
6.465406754772393,2.7669000000000015,0.3
6.450370925110131,2.7669000000000015,0.3
6.43533509544787,2.7669000000000015,0.3
6.420299265785609,2.7669000000000015,0.3
6.405263436123347,2.7669000000000015,0.3
6.390227606461086,2.7669000000000015,0.3
6.375191776798824,2.7669000000000015,0.3
6.360155947136564,2.7669000000000015,0.3
6.345120117474302,2.7669000000000015,0.3
6.33008428781204,2.7669000000000015,0.3
6.315048458149779,2.7669000000000015,0.3
6.300012628487517,2.7669000000000015,0.3
6.284976798825256,2.7669000000000015,0.3
6.269940969162995,2.7669000000000015,0.3
6.254905139500734,2.7669000000000015,0.3
6.239869309838472,2.7669000000000015,0.3
6.224833480176211,2.7669000000000015,0.3
6.209797650513949,2.7669000000000015,0.3
6.194761820851688,2.7669000000000015,0.3
6.179725991189427,2.7669000000000015,0.3
6.164690161527165,2.7669000000000015,0.3
6.149654331864904,2.7669000000000015,0.3
6.134618502202642,2.7669000000000015,0.3
6.119582672540381,2.7669000000000015,0.3
6.104546842878119,2.7669000000000015,0.3
6.0895110132158585,2.7669000000000015,0.3
6.074475183553597,2.7669000000000015,0.3
6.059439353891335,2.7669000000000015,0.3
6.044403524229074,2.7669000000000015,0.3
6.029367694566813,2.7669000000000015,0.3
6.014331864904552,2.7669000000000015,0.3
5.99929603524229,2.7669000000000015,0.3
5.9842602055800285,2.7669000000000015,0.3
5.969224375917767,2.7669000000000015,0.3
5.954188546255506,2.7669000000000015,0.3
5.939152716593244,2.7669000000000015,0.3
5.924116886930983,2.7669000000000015,0.3
5.909081057268722,2.7669000000000015,0.3
5.89404522760646,2.7669000000000015,0.3
5.879009397944199,2.7669000000000015,0.3
5.863973568281938,2.7669000000000015,0.3
5.848937738619676,2.7669000000000015,0.3
5.833901908957415,2.7669000000000015,0.3
5.818866079295153,2.7669000000000015,0.3
5.803830249632892,2.7669000000000015,0.3
5.78879441997063,2.7669000000000015,0.3
5.773758590308369,2.7669000000000015,0.3
5.7587227606461076,2.7669000000000015,0.3
5.743686930983847,2.7669000000000015,0.3
5.728651101321585,2.7669000000000015,0.3
5.713615271659323,2.7669000000000015,0.3
5.698579441997063,2.7669000000000015,0.3
5.683543612334801,2.7669000000000015,0.3
5.66850778267254,2.7669000000000015,0.3
5.653471953010278,2.7669000000000015,0.3
5.638436123348017,2.7669000000000015,0.3
5.623400293685755,2.7669000000000015,0.3
5.608364464023494,2.7669000000000015,0.3
5.5933286343612325,2.7669000000000015,0.3
5.578292804698971,2.7669000000000015,0.3
5.56325697503671,2.7669000000000015,0.3
5.548221145374448,2.7669000000000015,0.3
5.5331853157121875,2.7669000000000015,0.3
5.518149486049926,2.7669000000000015,0.3
5.503113656387664,2.7669000000000015,0.3
5.488077826725403,2.7669000000000015,0.3
5.473041997063142,2.7669000000000015,0.3
5.45800616740088,2.7669000000000015,0.3
5.442970337738618,2.7669000000000015,0.3
5.4279345080763575,2.7669000000000015,0.3
5.412898678414097,2.7669000000000015,0.3
5.397862848751835,2.7669000000000015,0.3
5.382827019089572,2.7669000000000015,0.3
5.367791189427312,2.7669000000000015,0.3
5.35275535976505,2.7669000000000015,0.3
5.337719530102789,2.7669000000000015,0.3
5.322683700440527,2.7669000000000015,0.3
5.307647870778266,2.7669000000000015,0.3
5.292612041116005,2.7669000000000015,0.3
5.277576211453743,2.7669000000000015,0.3
5.262540381791482,2.7669000000000015,0.3
5.247504552129221,2.7669000000000015,0.3
5.232468722466959,2.7669000000000015,0.3
5.217432892804698,2.7669000000000015,0.3
5.2023970631424366,2.7669000000000015,0.3
5.187361233480176,2.7669000000000015,0.3
5.172325403817914,2.7669000000000015,0.3
5.157289574155652,2.7669000000000015,0.3
5.142253744493392,2.7669000000000015,0.3
5.12721791483113,2.7669000000000015,0.3
5.112182085168869,2.7669000000000015,0.3
5.097146255506607,2.7669000000000015,0.3
5.082110425844346,2.7669000000000015,0.3
5.067074596182085,2.7669000000000015,0.3
5.052038766519823,2.7669000000000015,0.3
5.037002936857561,2.7669000000000015,0.3
5.0219671071953,2.7669000000000015,0.3
5.006931277533038,2.7669000000000015,0.3
4.991895447870777,2.7669000000000015,0.3
4.976859618208516,2.7669000000000015,0.3
4.961823788546254,2.7669000000000015,0.3
4.946787958883993,2.7669000000000015,0.3
4.9317521292217315,2.7669000000000015,0.3
4.916716299559471,2.7669000000000015,0.3
4.901680469897209,2.7669000000000015,0.3
4.886644640234947,2.7669000000000015,0.3
4.8716088105726865,2.7669000000000015,0.3
4.856572980910425,2.7669000000000015,0.3
4.841537151248164,2.7669000000000015,0.3
4.826501321585902,2.7669000000000015,0.3
4.811465491923641,2.7669000000000015,0.3
4.79642966226138,2.7669000000000015,0.3
4.781393832599118,2.7669000000000015,0.3
4.766358002936857,2.7669000000000015,0.3
4.751322173274596,2.7669000000000015,0.3
4.736286343612334,2.7669000000000015,0.3
4.721250513950073,2.7669000000000015,0.3
4.7062146842878105,2.7669000000000015,0.3
4.691178854625549,2.7669000000000015,0.3
4.676143024963288,2.7669000000000015,0.3
4.661107195301026,2.7669000000000015,0.3
4.6460713656387655,2.7669000000000015,0.3
4.631035535976504,2.7669000000000015,0.3
4.615999706314242,2.7669000000000015,0.3
4.600963876651981,2.7669000000000015,0.3
4.58592804698972,2.7669000000000015,0.3
4.570892217327459,2.7669000000000015,0.3
4.555856387665197,2.7669000000000015,0.3
4.5408205580029355,2.7669000000000015,0.3
4.525784728340675,2.7669000000000015,0.3
4.510748898678413,2.7669000000000015,0.3
4.495713069016152,2.7669000000000015,0.3
4.4806772393538905,2.7669000000000015,0.3
4.465641409691629,2.7669000000000015,0.3
4.450605580029368,2.7669000000000015,0.3
4.435569750367106,2.7669000000000015,0.3
4.4205339207048455,2.7669000000000015,0.3
4.405498091042584,2.7669000000000015,0.3
4.390462261380322,2.7669000000000015,0.3
4.3754264317180604,2.7669000000000015,0.3
4.360390602055799,2.7669000000000015,0.3
4.345354772393537,2.7669000000000015,0.3
4.330318942731276,2.7669000000000015,0.3
4.315283113069015,2.7669000000000015,0.3
4.300247283406754,2.7669000000000015,0.3
4.285211453744492,2.7669000000000015,0.3
4.27017562408223,2.7669000000000015,0.3
4.25513979441997,2.7669000000000015,0.3
4.240103964757708,2.7669000000000015,0.3
4.225068135095447,2.7669000000000015,0.3
4.210032305433185,2.7669000000000015,0.3
4.194996475770924,2.7669000000000015,0.3
4.179960646108663,2.7669000000000015,0.3
4.164924816446401,2.7669000000000015,0.3
4.14988898678414,2.7669000000000015,0.3
4.134853157121879,2.7669000000000015,0.3
4.119817327459617,2.7669000000000015,0.3
4.104781497797356,2.7669000000000015,0.3
4.0897456681350945,2.7669000000000015,0.3
4.074709838472834,2.7669000000000015,0.3
4.059674008810572,2.7669000000000015,0.3
4.0446381791483095,2.7669000000000015,0.3
4.029602349486049,2.7669000000000015,0.3
4.014566519823787,2.7669000000000015,0.3
3.9995306901615253,2.7669000000000015,0.3
3.9844948604992645,2.7669000000000015,0.3
3.969459030837003,2.7669000000000015,0.3
3.954423201174742,2.7669000000000015,0.3
3.9393873715124803,2.7669000000000015,0.3
3.9243515418502186,2.7669000000000015,0.3
3.909315712187958,2.7669000000000015,0.3
3.894279882525696,2.7669000000000015,0.3
3.8792440528634353,2.7669000000000015,0.3
3.8642082232011736,2.7669000000000015,0.3
3.849172393538912,2.7669000000000015,0.3
3.834136563876651,2.7669000000000015,0.3
3.8191007342143894,2.7669000000000015,0.3
3.8040649045521286,2.7669000000000015,0.3
3.789029074889867,2.7669000000000015,0.3
3.7739932452276053,2.7669000000000015,0.3
3.7589574155653445,2.7669000000000015,0.3
3.7439215859030828,2.7669000000000015,0.3
3.728885756240822,2.7669000000000015,0.3
3.7138499265785603,2.7669000000000015,0.3
3.6988140969162977,2.7669000000000015,0.3
3.683778267254037,2.7669000000000015,0.3
3.668742437591775,2.7669000000000015,0.3
3.6537066079295135,2.7669000000000015,0.3
3.6386707782672527,2.7669000000000015,0.3
3.623634948604991,2.7669000000000015,0.3
3.60859911894273,2.7669000000000015,0.3
3.5935632892804685,2.7669000000000015,0.3
3.578527459618207,2.7669000000000015,0.3
3.563491629955946,2.7669000000000015,0.3
3.5484558002936843,2.7669000000000015,0.3
3.5334199706314235,2.7669000000000015,0.3
3.518384140969162,2.7669000000000015,0.3
3.5033483113069,2.7669000000000015,0.3
3.4883124816446394,2.7669000000000015,0.3
3.4732766519823777,2.7669000000000015,0.3
3.458240822320117,2.7669000000000015,0.3
3.443204992657855,2.7669000000000015,0.3
3.4281691629955935,2.7669000000000015,0.3
3.4131333333333327,2.7669000000000015,0.3
3.398097503671071,2.7669000000000015,0.3
3.38306167400881,2.7669000000000015,0.3
3.3680258443465476,2.7669000000000015,0.3
3.352990014684286,2.7669000000000015,0.3
3.337954185022025,2.7669000000000015,0.3
3.3229183553597634,2.7669000000000015,0.3
3.3078825256975017,2.7669000000000015,0.3
3.292846696035241,2.7669000000000015,0.3
3.2778108663729792,2.7669000000000015,0.3
3.2627750367107184,2.7669000000000015,0.3
3.2477392070484568,2.7669000000000015,0.3
3.232703377386195,2.7669000000000015,0.3
3.2176675477239343,2.7669000000000015,0.3
3.2026317180616726,2.7669000000000015,0.3
3.1875958883994118,2.7669000000000015,0.3
3.17256005873715,2.7669000000000015,0.3
3.1575242290748884,2.7669000000000015,0.3
3.1424883994126276,2.7669000000000015,0.3
3.127452569750366,2.7669000000000015,0.3
3.112416740088105,2.7669000000000015,0.3
3.0973809104258434,2.7669000000000015,0.3
3.0823450807635817,2.7669000000000015,0.3
3.067309251101321,2.7669000000000015,0.3
3.052273421439059,2.7669000000000015,0.3
3.0372375917767975,2.7669000000000015,0.3
3.022201762114536,2.7669000000000015,0.3
3.007165932452274,2.7669000000000015,0.3
2.9921301027900133,2.7669000000000015,0.3
2.9770942731277517,2.7669000000000015,0.3
2.962058443465491,2.7669000000000015,0.3
2.947022613803229,2.7669000000000015,0.3
2.9319867841409675,2.7669000000000015,0.3
2.9169509544787067,2.7669000000000015,0.3
2.901915124816445,2.7669000000000015,0.3
2.886879295154184,2.7669000000000015,0.3
2.8718434654919225,2.7669000000000015,0.3
2.856807635829661,2.7669000000000015,0.3
2.8417718061674,2.7669000000000015,0.3
2.8267359765051383,2.7669000000000015,0.3
2.8117001468428775,2.7669000000000015,0.3
2.796664317180616,2.7669000000000015,0.3
2.781628487518354,2.7669000000000015,0.3
2.7665926578560933,2.7669000000000015,0.3
2.7515568281938316,2.7669000000000015,0.3
2.736520998531571,2.7669000000000015,0.3
2.721485168869309,2.7669000000000015,0.3
2.7064493392070466,2.7669000000000015,0.3
2.6914135095447858,2.7669000000000015,0.3
2.676377679882524,2.7669000000000015,0.3
2.6613418502202624,2.7669000000000015,0.3
2.6463060205580016,2.7669000000000015,0.3
2.63127019089574,2.7669000000000015,0.3
2.616234361233479,2.7669000000000015,0.3
2.6011985315712174,2.7669000000000015,0.3
2.5861627019089557,2.7669000000000015,0.3
2.571126872246695,2.7669000000000015,0.3
2.556091042584433,2.7669000000000015,0.3
2.5410552129221724,2.7669000000000015,0.3
2.5260193832599107,2.7669000000000015,0.3
2.510983553597649,2.7669000000000015,0.3
2.495947723935388,2.7669000000000015,0.3
2.4809118942731265,2.7669000000000015,0.3
2.4658760646108657,2.7669000000000015,0.3
2.450840234948604,2.7669000000000015,0.3
2.4358044052863423,2.7669000000000015,0.3
2.4207685756240815,2.7669000000000015,0.3
2.40573274596182,2.7669000000000015,0.3
2.390696916299559,2.7669000000000015,0.3
2.3756610866372974,2.7669000000000015,0.3
2.360625256975035,2.7669000000000015,0.3
2.345589427312774,2.7669000000000015,0.3
2.3305535976505123,2.7669000000000015,0.3
2.3155177679882506,2.7669000000000015,0.3
2.30048193832599,2.7669000000000015,0.3
2.285446108663728,2.7669000000000015,0.3
2.2704102790014673,2.7669000000000015,0.3
2.2553744493392056,2.7669000000000015,0.3
2.240338619676944,2.7669000000000015,0.3
2.2253027900146822,2.7669000000000015,0.3
2.2102669603524223,2.7669000000000015,0.3
2.1952311306901606,2.7669000000000015,0.3
2.180195301027899,2.7669000000000015,0.3
2.1651594713656372,2.7669000000000015,0.3
2.1501236417033756,2.7669000000000015,0.3
2.1350878120411156,2.7669000000000015,0.3
2.120051982378854,2.7669000000000015,0.3
2.1050161527165923,2.7669000000000015,0.3
2.0899803230543306,2.7669000000000015,0.3
2.074944493392069,2.7669000000000015,0.3
2.059908663729809,2.7669000000000015,0.3
2.0448728340675473,2.7669000000000015,0.3
2.029837004405284,2.7669000000000015,0.3
2.014801174743024,2.7669000000000015,0.3
1.9997653450807622,2.7669000000000015,0.3
1.9847295154185005,2.7669000000000015,0.3
1.9696936857562388,2.7669000000000015,0.3
1.9546578560939771,2.7669000000000015,0.3
1.9396220264317172,2.7669000000000015,0.3
1.9245861967694555,2.7669000000000015,0.3
1.9095503671071938,2.7669000000000015,0.3
1.8945145374449321,2.7669000000000015,0.3
1.8794787077826705,2.7669000000000015,0.3
1.8644428781204105,2.7669000000000015,0.3
1.8494070484581489,2.7669000000000015,0.3
1.8343712187958872,2.7669000000000015,0.3
1.8193353891336255,2.7669000000000015,0.3
1.8042995594713638,2.7669000000000015,0.3
1.7892637298091039,2.7669000000000015,0.3
1.7742279001468422,2.7669000000000015,0.3
1.7591920704845805,2.7669000000000015,0.3
1.7441562408223188,2.7669000000000015,0.3
1.729120411160057,2.7669000000000015,0.3
1.7140845814977972,2.7669000000000015,0.3
1.6990487518355337,2.7669000000000015,0.3
1.684012922173272,2.7669000000000015,0.3
1.6689770925110121,2.7669000000000015,0.3
1.6539412628487504,2.7669000000000015,0.3
1.6389054331864887,2.7669000000000015,0.3
1.623869603524227,2.7669000000000015,0.3
1.6088337738619654,2.7669000000000015,0.3
1.5937979441997054,2.7669000000000015,0.3
1.5787621145374438,2.7669000000000015,0.3
1.563726284875182,2.7669000000000015,0.3
1.5486904552129204,2.7669000000000015,0.3
1.5336546255506587,2.7669000000000015,0.3
1.5186187958883988,2.7669000000000015,0.3
1.503582966226137,2.7669000000000015,0.3
1.4885471365638754,2.7669000000000015,0.3
1.4735113069016137,2.7669000000000015,0.3
1.458475477239352,2.7669000000000015,0.3
1.443439647577092,2.7669000000000015,0.3
1.4284038179148304,2.7669000000000015,0.3
1.4133679882525687,2.7669000000000015,0.3
1.398332158590307,2.7669000000000015,0.3
1.3832963289280453,2.7669000000000015,0.3
1.3682604992657836,2.7669000000000015,0.3
1.353224669603522,2.7669000000000015,0.3
1.3381888399412603,2.7669000000000015,0.3
1.3231530102790003,2.7669000000000015,0.3
1.3081171806167387,2.7669000000000015,0.3
1.293081350954477,2.7669000000000015,0.3
1.2780455212922153,2.7669000000000015,0.3
1.2630096916299536,2.7669000000000015,0.3
1.2479738619676937,2.7669000000000015,0.3
1.232938032305432,2.7669000000000015,0.3
1.2179022026431703,2.7669000000000015,0.3
1.2028663729809086,2.7669000000000015,0.3
1.187830543318647,2.7669000000000015,0.3
1.172794713656387,2.7669000000000015,0.3
1.1577588839941253,2.7669000000000015,0.3
1.1427230543318636,2.7669000000000015,0.3
1.127687224669602,2.7669000000000015,0.3
1.1126513950073402,2.7669000000000015,0.3
1.0976155653450803,2.7669000000000015,0.3
1.0825797356828186,2.7669000000000015,0.3
1.067543906020557,2.7669000000000015,0.3
1.0525080763582952,2.7669000000000015,0.3
1.0374722466960336,2.7669000000000015,0.3
1.0224364170337719,2.7669000000000015,0.3
1.0074005873715102,2.7669000000000015,0.3
0.9923647577092485,2.7669000000000015,0.3
0.9773289280469886,2.7669000000000015,0.3
0.9622930983847269,2.7669000000000015,0.3
0.9472572687224652,2.7669000000000015,0.3
0.9322214390602035,2.7669000000000015,0.3
0.9171856093979418,2.7669000000000015,0.3
0.9021497797356819,2.7669000000000015,0.3
0.8871139500734202,2.7669000000000015,0.3
0.8720781204111585,2.7669000000000015,0.3
0.8570422907488968,2.7669000000000015,0.3
0.8420064610866351,2.7669000000000015,0.3
0.8269706314243752,2.7669000000000015,0.3
0.8119348017621135,2.7669000000000015,0.3
0.7968989720998518,2.7669000000000015,0.3
0.7818631424375901,2.7669000000000015,0.3
0.7668273127753285,2.7669000000000015,0.3
0.7517914831130685,2.7669000000000015,0.3
0.7367556534508068,2.7669000000000015,0.3
0.7217198237885452,2.7669000000000015,0.3
0.7066839941262835,2.7669000000000015,0.3
0.6916481644640218,2.7669000000000015,0.3
0.6766123348017601,2.7669000000000015,0.3
0.6615765051394984,2.7669000000000015,0.3
0.6465406754772367,2.7669000000000015,0.3
0.6315048458149768,2.7669000000000015,0.3
0.6164690161527151,2.7669000000000015,0.3
0.6014331864904552,2.7669000000000015,0.3
0.5863973568281935,2.7669000000000015,0.3
0.5713615271659318,2.7669000000000015,0.3
0.5563256975036701,2.7669000000000015,0.3
0.5412898678414084,2.7669000000000015,0.3
0.526254038179145,2.7669000000000015,0.3
0.511218208516885,2.7669000000000015,0.3
0.49618237885462335,2.7669000000000015,0.3
0.48114654919236166,2.7669000000000015,0.3
0.46611071953009997,2.7669000000000015,0.3
0.4510748898678383,2.7669000000000015,0.3
0.43603906020557837,2.7669000000000015,0.3
0.4210032305433167,2.7669000000000015,0.3
0.405967400881055,2.7669000000000015,0.3
0.3909315712187933,2.7669000000000015,0.3
0.3758957415565316,2.7669000000000015,0.3
0.3608599118942717,2.7669000000000015,0.3
0.34582408223201,2.7669000000000015,0.3
0.3307882525697483,2.7669000000000015,0.3
0.3157524229074866,2.7669000000000015,0.3
0.30071659324522493,2.7669000000000015,0.3
0.285680763582965,2.7669000000000015,0.3
0.2706449339207033,2.7669000000000015,0.3
0.25560910425844163,2.7669000000000015,0.3
0.24057327459617994,2.7669000000000015,0.3
0.22553744493391825,2.7669000000000015,0.3
0.21050161527165834,2.7669000000000015,0.3
0.19546578560939665,2.7669000000000015,0.3
0.18042995594713496,2.7669000000000015,0.3
0.16539412628487327,2.7669000000000015,0.3
0.15035829662261158,2.7669000000000015,0.3
0.13532246696035166,2.7669000000000015,0.3
0.12028663729808997,2.7669000000000015,0.3
0.10525080763582828,2.7669000000000015,0.3
0.09021497797356659,2.7669000000000015,0.3
0.0751791483113049,2.7669000000000015,0.3
0.060143318649044986,2.7669000000000015,0.3
0.045107488986783295,2.7669000000000015,0.3
0.030071659324521605,2.7669000000000015,0.3
0.015035829662259914,2.7669000000000015,0.3
-1.7763568394002505e-15,2.7669000000000015,0.3
-0.015090799177628286,2.7668176916424585,0.3
-0.030179802701065253,2.766570776363702,0.3
-0.045265215129787865,2.7661592835441793,0.3
-0.060345241450575744,2.7655832621474223,0.3
-0.07541808729110148,2.7648427807142166,0.3
-0.09048195913344305,2.7639379273544478,0.3
-0.10553506452749445,2.7628688097366156,0.3
-0.12057561230424932,2.761635555075027,0.3
-0.13560181278893252,2.7602383101146524,0.3
-0.1506118780139523,2.7586772411136695,0.3
-0.1656040219316523,2.7569525338236787,0.3
-0.18057646062683225,2.7550643934675993,0.3
-0.19552741252901631,2.753013044715252,0.3
-0.21045509862444214,2.7507987316566247,0.3
-0.22535774266774564,2.7484217177728274,0.3
-0.24023357139331664,2.7458822859047407,0.3
-0.2550808147262995,2.7431807382193627,0.3
-0.26989770599321444,2.7403173961738503,0.3
-0.2846824821321742,2.7372926004772746,0.3
-0.29943338390267027,2.734106711050073,0.3
-0.31414865609490544,2.7307601069812284,0.3
-0.32882654773864595,2.727253186483158,0.3
-0.34346531231156957,2.72358636684433,0.3
-0.35806320794708413,2.719760084379613,0.3
-0.3726184976415923,2.7157747943783557,0.3
-0.387129449461178,2.7116309710502144,0.3
-0.4015943367476877,2.707329107468726,0.3
-0.41601143832418863,2.702869715512636,0.3
-0.43037903869976746,2.6982533258049926,0.3
-0.44469542827366093,2.6934804876500054,0.3
-0.45895890353867697,2.6885517689676854,0.3
-0.4731677672838984,2.6834677562262668,0.3
-0.4873203287966325,2.678229054372424,0.3
-0.501414904063589,2.672836286759289,0.3
-0.5154498159712612,2.6672900950722793,0.3
-0.5294233945054855,2.6615911392527414,0.3
-0.543333976950156,2.655740097419426,0.3
-0.557179908085072,2.649737665787801,0.3
-0.5709595403828918,2.643584558587202,0.3
-0.5846712342051725,2.637281507975855,0.3
-0.5983133579974707,2.630829263953749,0.3
-0.6118842884834792,2.624228594273399,0.3
-0.625382410858185,2.6174802843484883,0.3
-0.6388061189800095,2.6105851371604123,0.3
-0.6521538155619286,2.6035439731627332,0.3
-0.6654239123615288,2.596357630183553,0.3
-0.6786148303699967,2.5890269633258205,0.3
-0.6917250000000018,2.581552844865583,0.3
-0.7047528612724647,2.573936164148194,0.3
-0.7176968640021752,2.5661778274824893,0.3
-0.7305554679822538,2.558278758032947,0.3
-0.7433271431674159,2.5502398957098382,0.3
-0.7560103698560344,2.5420621970573882,0.3
-0.7686036388709705,2.533746635139958,0.3
-0.781105451739148,2.5252941994262565,0.3
-0.793514320869857,2.516705895671607,0.3
-0.805828769731763,2.5079827457982713,0.3
-0.8180473330285999,2.4991257877738504,0.3
-0.8301685568735253,2.4901360754877757,0.3
-0.8421909989621168,2.4810146786259106,0.3
-0.8541132287439938,2.4717626825432646,0.3
-0.8659338275930387,2.4623811881348487,0.3
-0.8776513889761974,2.45287131170468,0.3
-0.8892645186208451,2.4432341848329515,0.3
-0.900771834680688,2.4334709542413875,0.3
-0.9121719679001925,2.4235827816567923,0.3
-0.9234635617775094,2.4135708436728205,0.3
-0.9346452727258875,2.403436331609967,0.3
-0.9457157702335434,2.393180451373822,0.3
-0.9566737370219828,2.38280442331157,0.3
-0.9675178692027406,2.372309482066788,0.3
-0.9782468764325314,2.3616968764325303,0.3
-0.9888594820667885,2.35096786920274,0.3
-0.9993544233115711,2.340123737021982,0.3
-1.0097304513738232,2.3291657702335424,0.3
-1.0199863316099684,2.318095272725887,0.3
-1.0301208436728209,2.3069135617775087,0.3
-1.0401327816567933,2.2956219679001917,0.3
-1.0500209542413883,2.2842218346806873,0.3
-1.0597841848329523,2.272714518620844,0.3
-1.069421311704681,2.2611013889761966,0.3
-1.0789311881348493,2.249383827593038,0.3
-1.0883126825432656,2.237563228743993,0.3
-1.0975646786259114,2.225640998962116,0.3
-1.1066860754877768,2.2136185568735245,0.3
-1.115675787773851,2.2014973330285996,0.3
-1.1245327457982723,2.189278769731762,0.3
-1.1332558956716077,2.1769643208698564,0.3
-1.1418441994262571,2.1645554517391474,0.3
-1.1502966351399588,2.15205363887097,0.3
-1.158612197057389,2.1394603698560335,0.3
-1.1667898957098388,2.126777143167415,0.3
-1.1748287580329477,2.1140054679822526,0.3
-1.1827278274824904,2.101146864002174,0.3
-1.1904861641481947,2.088202861272464,0.3
-1.198102844865584,2.0751750000000015,0.3
-1.2055769633258213,2.062064830369996,0.3
-1.212907630183554,2.048873912361528,0.3
-1.220093973162734,2.035603815561928,0.3
-1.227135137160413,2.0222561189800095,0.3
-1.2340302843484894,2.008832410858184,0.3
-1.2407785942734,1.9953342884834784,0.3
-1.24737926395375,1.9817633579974698,0.3
-1.2538315079758557,1.9681212342051717,0.3
-1.2601345585872032,1.9544095403828907,0.3
-1.2662876657878015,1.940629908085071,0.3
-1.2722900974194271,1.9267839769501554,0.3
-1.2781411392527422,1.9128733945054845,0.3
-1.2838400950722801,1.89889981597126,0.3
-1.28938628675929,1.8848649040635883,0.3
-1.2947790543724245,1.870770328796632,0.3
-1.3000177562262674,1.8566177672838977,0.3
-1.3051017689676863,1.842408903538676,0.3
-1.3100304876500062,1.8281454282736602,0.3
-1.3148033258049934,1.8138290386997673,0.3
-1.3194197155126368,1.799461438324188,0.3
-1.3238791074687268,1.785044336747687,0.3
-1.3281809710502155,1.7705794494611773,0.3
-1.3323247943783567,1.7560684976415915,0.3
-1.336310084379614,1.741513207947083,0.3
-1.3401363668443311,1.7269153123115688,0.3
-1.3438031864831588,1.7122765477386455,0.3
-1.3473101069812297,1.6975986560949046,0.3
-1.3506567110500742,1.6828833839026691,0.3
-1.3538426004772757,1.6681324821321732,0.3
-1.3568673961738515,1.653347705993214,0.3
-1.3597307382193633,1.6385308147262987,0.3
-1.3624322859047417,1.6236835713933155,0.3
-1.3649717177728282,1.608807742667745,0.3
-1.367348731656626,1.5939050986244416,0.3
-1.3695630447152534,1.5789774125290155,0.3
-1.3716143934676004,1.5640264606268313,0.3
-1.3735025338236797,1.5490540219316515,0.3
-1.3752272411136706,1.5340618780139519,0.3
-1.3767883101146532,1.5190518127889316,0.3
-1.378185555075028,1.5040256123042486,0.3
-1.379418809736617,1.488985064527494,0.3
-1.3804879273544486,1.4739319591334423,0.3
-1.3813927807142177,1.4588680872911004,0.3
-1.3821332621474236,1.443795241450575,0.3
-1.3827092835441805,1.4287152151297873,0.3
-1.3831207763637028,1.4136298027010645,0.3
-1.3833676916424598,1.3985407991776273,0.3
-1.3834500000000025,1.383450000000001,0.3
-1.3833676916424598,1.3683592008223746,0.3
-1.3831207763637028,1.3532701972989374,0.3
-1.3827092835441805,1.3381847848702144,0.3
-1.3821332621474236,1.3231047585494269,0.3
-1.3813927807142177,1.3080319127089015,0.3
-1.3804879273544486,1.2929680408665596,0.3
-1.379418809736617,1.277914935472508,0.3
-1.378185555075028,1.2628743876957533,0.3
-1.3767883101146534,1.2478481872110707,0.3
-1.3752272411136706,1.2328381219860507,0.3
-1.3735025338236797,1.2178459780683504,0.3
-1.3716143934676006,1.2028735393731707,0.3
-1.3695630447152534,1.1879225874709862,0.3
-1.367348731656626,1.17299490137556,0.3
-1.3649717177728282,1.158092257332257,0.3
-1.3624322859047417,1.1432164286066864,0.3
-1.3597307382193635,1.1283691852737032,0.3
-1.3568673961738515,1.1135522940067877,0.3
-1.3538426004772757,1.0987675178678284,0.3
-1.3506567110500745,1.0840166160973326,0.3
-1.3473101069812297,1.0693013439050971,0.3
-1.343803186483159,1.0546234522613562,0.3
-1.3401363668443314,1.039984687688433,0.3
-1.3363100843796143,1.0253867920529187,0.3
-1.3323247943783567,1.0108315023584102,0.3
-1.3281809710502155,0.9963205505388246,0.3
-1.3238791074687268,0.981855663252315,0.3
-1.3194197155126373,0.9674385616758145,0.3
-1.3148033258049936,0.953070961300235,0.3
-1.3100304876500064,0.9387545717263417,0.3
-1.3051017689676863,0.924491096461326,0.3
-1.3000177562262676,0.9102822327161042,0.3
-1.2947790543724247,0.8961296712033698,0.3
-1.28938628675929,0.8820350959364136,0.3
-1.2838400950722804,0.8680001840287416,0.3
-1.2781411392527422,0.8540266054945171,0.3
-1.2722900974194271,0.8401160230498463,0.3
-1.2662876657878017,0.8262700919149306,0.3
-1.2601345585872035,0.812490459617111,0.3
-1.253831507975856,0.79877876579483,0.3
-1.24737926395375,0.785136642002532,0.3
-1.2407785942734002,0.7715657115165233,0.3
-1.2340302843484892,0.7580675891418176,0.3
-1.2271351371604133,0.744643881019993,0.3
-1.2200939731627343,0.731296184438074,0.3
-1.2129076301835542,0.7180260876384739,0.3
-1.2055769633258215,0.7048351696300058,0.3
-1.1981028448655844,0.6917250000000007,0.3
-1.190486164148195,0.678697138727538,0.3
-1.1827278274824906,0.6657531359978273,0.3
-1.174828758032948,0.6528945320177489,0.3
-1.1667898957098393,0.6401228568325873,0.3
-1.1586121970573893,0.6274396301439681,0.3
-1.1502966351399588,0.614846361129032,0.3
-1.1418441994262574,0.6023445482608546,0.3
-1.1332558956716083,0.589935679130146,0.3
-1.1245327457982726,0.5776212302682395,0.3
-1.115675787773851,0.5654026669714023,0.3
-1.106686075487777,0.5532814431264774,0.3
-1.0975646786259117,0.5412590010378857,0.3
-1.0883126825432659,0.5293367712560089,0.3
-1.0789311881348498,0.5175161724069638,0.3
-1.069421311704681,0.5057986110238052,0.3
-1.0597841848329526,0.4941854813791575,0.3
-1.0500209542413887,0.4826781653193146,0.3
-1.0401327816567938,0.47127803209981,0.3
-1.0301208436728213,0.4599864382224931,0.3
-1.0199863316099684,0.44880472727411524,0.3
-1.0097304513738234,0.43773422976645926,0.3
-0.9993544233115712,0.42677626297801974,0.3
-0.9888594820667891,0.4159321307972623,0.3
-0.9782468764325317,0.4052031235674711,0.3
-0.967517869202741,0.3945905179332142,0.3
-0.956673737021983,0.3840955766884314,0.3
-0.9457157702335439,0.37371954862617995,0.3
-0.9346452727258876,0.3634636683900343,0.3
-0.9234635617775097,0.3533291563271814,0.3
-0.9121719679001928,0.34331721834320916,0.3
-0.9007718346806882,0.3334290457586142,0.3
-0.8892645186208453,0.3236658151670502,0.3
-0.8776513889761971,0.3140286882953214,0.3
-0.8659338275930386,0.3045188118651527,0.3
-0.8541132287439941,0.2951373174567369,0.3
-0.8421909989621171,0.28588532137409106,0.3
-0.830168556873526,0.2767639245122262,0.3
-0.8180473330286011,0.26777421222615194,0.3
-0.8058287697317632,0.2589172542017302,0.3
-0.7935143208698573,0.25019410432839484,0.3
-0.7811054517391478,0.24160580057374514,0.3
-0.7686036388709708,0.2331533648600439,0.3
-0.7560103698560348,0.22483780294261346,0.3
-0.7433271431674161,0.2166601042901637,0.3
-0.7305554679822546,0.208621241967055,0.3
-0.7176968640021756,0.20072217251751212,0.3
-0.7047528612724651,0.19296383585180776,0.3
-0.6917250000000016,0.18534715513441813,0.3
-0.6786148303699965,0.17787303667418075,0.3
-0.665423912361529,0.17054236981644855,0.3
-0.6521538155619289,0.16335602683726846,0.3
-0.6388061189800104,0.15631486283958962,0.3
-0.6253824108581858,0.1494197156515138,0.3
-0.6118842884834795,0.14267140572660253,0.3
-0.598313357997471,0.13607073604625253,0.3
-0.5846712342051723,0.12961849202414655,0.3
-0.5709595403828919,0.12331544141279926,0.3
-0.5571799080850722,0.11716233421220101,0.3
-0.5433339769501565,0.1111599025805754,0.3
-0.5294233945054863,0.10530886074726076,0.3
-0.5154498159712624,0.09960990492772281,0.3
-0.5014149040635894,0.0940637132407125,0.3
-0.4873203287966331,0.08867094562757805,0.3
-0.4731677672838982,0.08343224377373493,0.3
-0.45895890353867697,0.07834823103231625,0.3
-0.4446954282736612,0.07341951234999633,0.3
-0.4303790386997684,0.06864667419500914,0.3
-0.4160114383241896,0.0640302844873657,0.3
-0.4015943367476881,0.059570892531275677,0.3
-0.3871294494611784,0.055269028949787025,0.3
-0.37261849764159205,0.051125205621645575,0.3
-0.35806320794708413,0.04713991562038844,0.3
-0.3434653123115699,0.04331363315567138,0.3
-0.32882654773864656,0.03964681351684374,0.3
-0.31414865609490633,0.03613989301877285,0.3
-0.2994333839026715,0.0327932889499285,0.3
-0.2846824821321745,0.02960739952272684,0.3
-0.2698977059932151,0.026582603826150963,0.3
-0.25508081472629923,0.02371926178063899,0.3
-0.24023357139331666,0.021017714095260764,0.3
-0.225357742667746,0.018478282227174292,0.3
-0.21045509862444275,0.01610126834337655,0.3
-0.19552741252901729,0.013886955284749147,0.3
-0.1805764606268323,0.011835606532402121,0.3
-0.16560402193165263,0.009947466176322806,0.3
-0.15061187801395173,0.008222758886331949,0.3
-0.13560181278893224,0.006661689885349098,0.3
-0.12057561230424965,0.005264444924974576,0.3
-0.10553506452749509,0.004031190263385609,0.3
-0.090481959133444,0.002962072645553926,0.3
-0.07541808729110275,0.0020572192857848393,0.3
-0.06034524145057608,0.0013167378525789086,0.3
-0.04526521512978852,0.0007407164558219659,0.3
-0.030179802701064982,0.00032922363629972473,0.3
-0.015090799177628317,8.230835754274857e-05,0.3
-2.0304924815423114e-15,0.0,0.3
